#
# There is insufficient memory for the Java Runtime Environment to continue.
# Native memory allocation (malloc) failed to allocate 576416 bytes for Chunk::new
# Possible reasons:
#   The system is out of physical RAM or swap space
#   The process is running with CompressedOops enabled, and the Java Heap may be blocking the growth of the native heap
# Possible solutions:
#   Reduce memory load on the system
#   Increase physical memory or swap space
#   Check if swap backing store is full
#   Decrease Java heap size (-Xmx/-Xms)
#   Decrease number of Java threads
#   Decrease Java thread stack sizes (-Xss)
#   Set larger code cache with -XX:ReservedCodeCacheSize=
#   JVM is running with Unscaled Compressed Oops mode in which the Java heap is
#     placed in the first 4GB address space. The Java Heap base address is the
#     maximum limit for the native heap growth. Please use -XX:HeapBaseMinAddress
#     to set the Java Heap base and to place the Java Heap above 4GB virtual address.
# This output file may be truncated or incomplete.
#
#  Out of Memory Error (arena.cpp:191), pid=18344, tid=27460
#
# JRE version: OpenJDK Runtime Environment Corretto-17.0.9.8.1 (17.0.9+8) (build 17.0.9+8-LTS)
# Java VM: OpenJDK 64-Bit Server VM Corretto-17.0.9.8.1 (17.0.9+8-LTS, mixed mode, sharing, tiered, compressed oops, compressed class ptrs, g1 gc, windows-amd64)
# No core dump will be written. Minidumps are not enabled by default on client versions of Windows
#

---------------  S U M M A R Y ------------

Command Line: --add-opens=java.base/java.util=ALL-UNNAMED --add-opens=java.base/java.lang=ALL-UNNAMED --add-opens=java.base/java.lang.invoke=ALL-UNNAMED --add-opens=java.prefs/java.util.prefs=ALL-UNNAMED --add-opens=java.base/java.nio.charset=ALL-UNNAMED --add-opens=java.base/java.net=ALL-UNNAMED --add-opens=java.base/java.util.concurrent.atomic=ALL-UNNAMED -Xmx2048m -Dfile.encoding=UTF-8 -Duser.country=US -Duser.language=en -Duser.variant -javaagent:C:\Users\busi4\.gradle\wrapper\dists\gradle-8.7-bin\bhs2wmbdwecv87pi65oeuq5iu\gradle-8.7\lib\agents\gradle-instrumentation-agent-8.7.jar org.gradle.launcher.daemon.bootstrap.GradleDaemon 8.7

Host: AMD Ryzen 5 4600H with Radeon Graphics         , 12 cores, 15G,  Windows 11 , 64 bit Build 26100 (10.0.26100.3775)
Time: Sat May  3 21:04:52 2025 W. Europe Daylight Time elapsed time: 336.895554 seconds (0d 0h 5m 36s)

---------------  T H R E A D  ---------------

Current thread (0x000001423346f290):  JavaThread "C2 CompilerThread0" daemon [_thread_in_native, id=27460, stack(0x0000003dfea00000,0x0000003dfeb00000)]


Current CompileTask:
C2: 336895 17567   !   4       java.util.concurrent.locks.AbstractQueuedSynchronizer::acquire (407 bytes)

Stack: [0x0000003dfea00000,0x0000003dfeb00000]
Native frames: (J=compiled Java code, j=interpreted, Vv=VM code, C=native code)
V  [jvm.dll+0x67cb49]
V  [jvm.dll+0x8344da]
V  [jvm.dll+0x835f9e]
V  [jvm.dll+0x836603]
V  [jvm.dll+0x247b5f]
V  [jvm.dll+0xac43c]
V  [jvm.dll+0xaca8c]
V  [jvm.dll+0x366c87]
V  [jvm.dll+0x330fda]
V  [jvm.dll+0x33047a]
V  [jvm.dll+0x21a201]
V  [jvm.dll+0x219621]
V  [jvm.dll+0x1a56cd]
V  [jvm.dll+0x2293ee]
V  [jvm.dll+0x2275bc]
V  [jvm.dll+0x7e95a7]
V  [jvm.dll+0x7e396a]
V  [jvm.dll+0x67ba35]
C  [ucrtbase.dll+0x37b0]
C  [KERNEL32.DLL+0x2e8d7]
C  [ntdll.dll+0xb14fc]


---------------  P R O C E S S  ---------------

Threads class SMR info:
_java_thread_list=0x000001420c86b730, length=103, elements={
0x000001421420ea50, 0x00000142333464d0, 0x0000014233346fa0, 0x000001423346a3c0,
0x000001423346cca0, 0x000001423346d570, 0x000001423346e5e0, 0x000001423346f290,
0x0000014233472400, 0x0000014233475ae0, 0x00000142335877c0, 0x0000014233631ef0,
0x000001427b081f50, 0x000001427a3a24a0, 0x000001427a3d63e0, 0x000001427a9a7040,
0x000001427a9a42b0, 0x000001427a9a4cd0, 0x000001427a24e240, 0x000001427a24ce00,
0x000001427a2500a0, 0x000001427a24ec60, 0x000001427a24f170, 0x000001427a2505b0,
0x000001427a250ac0, 0x000001427a24f680, 0x000001427a24fb90, 0x000001427a24d310,
0x000001427a250fd0, 0x000001427a24d820, 0x000001427a253d60, 0x000001427a253340,
0x000001427a252920, 0x000001427929aca0, 0x000001427c175b50, 0x000001427c175130,
0x000001427c1732d0, 0x000001427c176060, 0x000001427c1728b0, 0x000001427c176570,
0x000001427c173cf0, 0x000001427c172dc0, 0x000001427c179300, 0x000001427c1783d0,
0x000001427c179d20, 0x000001427c176f90, 0x000001427c176a80, 0x000001427bb3bf70,
0x000001427bb3c480, 0x000001427bb3ddd0, 0x000001427bb3c990, 0x000001427bb3e7f0,
0x000001427bb3b040, 0x000001427bb3ed00, 0x000001427bb3ba60, 0x000001427bb3b550,
0x000001427bb3f720, 0x000001427bb3fc30, 0x000001427bb40140, 0x000001427bb3d8c0,
0x000001427bb40650, 0x000001427bb40b60, 0x000001427bb3d3b0, 0x000001427bb41580,
0x000001427bb41a90, 0x000001427bb41fa0, 0x000001427bb424b0, 0x000001420cc22230,
0x000001420cc245a0, 0x000001420cc22c50, 0x000001420cc259e0, 0x000001420cc22740,
0x000001420cc24ab0, 0x000001420cc25ef0, 0x000001420cc27330, 0x000001420cc26400,
0x000001420cc26910, 0x000001420cc26e20, 0x000001420cc23b80, 0x000001420cc27840,
0x000001420cc28c80, 0x000001420cc29bb0, 0x000001420cc27d50, 0x000001420cc296a0,
0x000001420cc28770, 0x000001427929d010, 0x000001427929a790, 0x000001427929bbd0,
0x000001427929c0e0, 0x000001427929b1b0, 0x0000014279299d70, 0x0000014279299860,
0x000001427929d520, 0x000001427929f380, 0x000001427929df40, 0x000001427929e450,
0x000001427929da30, 0x000001427929f890, 0x000001427929fda0, 0x00000142792a02b0,
0x00000142792a07c0, 0x000001427929e960, 0x000001427929ee70
}

Java Threads: ( => current thread )
  0x000001421420ea50 JavaThread "main" [_thread_blocked, id=8676, stack(0x0000003dfdd00000,0x0000003dfde00000)]
  0x00000142333464d0 JavaThread "Reference Handler" daemon [_thread_blocked, id=5008, stack(0x0000003dfe400000,0x0000003dfe500000)]
  0x0000014233346fa0 JavaThread "Finalizer" daemon [_thread_blocked, id=17248, stack(0x0000003dfe500000,0x0000003dfe600000)]
  0x000001423346a3c0 JavaThread "Signal Dispatcher" daemon [_thread_blocked, id=26504, stack(0x0000003dfe600000,0x0000003dfe700000)]
  0x000001423346cca0 JavaThread "Attach Listener" daemon [_thread_blocked, id=15820, stack(0x0000003dfe700000,0x0000003dfe800000)]
  0x000001423346d570 JavaThread "Service Thread" daemon [_thread_blocked, id=23676, stack(0x0000003dfe800000,0x0000003dfe900000)]
  0x000001423346e5e0 JavaThread "Monitor Deflation Thread" daemon [_thread_blocked, id=24968, stack(0x0000003dfe900000,0x0000003dfea00000)]
=>0x000001423346f290 JavaThread "C2 CompilerThread0" daemon [_thread_in_native, id=27460, stack(0x0000003dfea00000,0x0000003dfeb00000)]
  0x0000014233472400 JavaThread "C1 CompilerThread0" daemon [_thread_blocked, id=24352, stack(0x0000003dfeb00000,0x0000003dfec00000)]
  0x0000014233475ae0 JavaThread "Sweeper thread" daemon [_thread_blocked, id=21964, stack(0x0000003dfec00000,0x0000003dfed00000)]
  0x00000142335877c0 JavaThread "Common-Cleaner" daemon [_thread_blocked, id=18688, stack(0x0000003dfed00000,0x0000003dfee00000)]
  0x0000014233631ef0 JavaThread "Notification Thread" daemon [_thread_blocked, id=23216, stack(0x0000003dfee00000,0x0000003dfef00000)]
  0x000001427b081f50 JavaThread "Daemon health stats" [_thread_blocked, id=23188, stack(0x0000003dff600000,0x0000003dff700000)]
  0x000001427a3a24a0 JavaThread "Incoming local TCP Connector on port 5723" [_thread_in_native, id=6532, stack(0x0000003dff000000,0x0000003dff100000)]
  0x000001427a3d63e0 JavaThread "Daemon periodic checks" [_thread_blocked, id=26544, stack(0x0000003dff700000,0x0000003dff800000)]
  0x000001427a9a7040 JavaThread "Cache worker for journal cache (C:\Users\busi4\.gradle\caches\journal-1)" [_thread_blocked, id=13832, stack(0x0000003dff100000,0x0000003dff200000)]
  0x000001427a9a42b0 JavaThread "File lock request listener" [_thread_in_native, id=2148, stack(0x0000003dfff00000,0x0000003e00000000)]
  0x000001427a9a4cd0 JavaThread "Cache worker for file hash cache (C:\Users\busi4\.gradle\caches\8.7\fileHashes)" [_thread_blocked, id=2044, stack(0x0000003d80000000,0x0000003d80100000)]
  0x000001427a24e240 JavaThread "File watcher server" daemon [_thread_in_native, id=27224, stack(0x0000003d80400000,0x0000003d80500000)]
  0x000001427a24ce00 JavaThread "File watcher consumer" daemon [_thread_blocked, id=15960, stack(0x0000003d80a00000,0x0000003d80b00000)]
  0x000001427a2500a0 JavaThread "jar transforms" [_thread_blocked, id=12140, stack(0x0000003d80300000,0x0000003d80400000)]
  0x000001427a24ec60 JavaThread "jar transforms Thread 2" [_thread_blocked, id=21172, stack(0x0000003d80d00000,0x0000003d80e00000)]
  0x000001427a24f170 JavaThread "jar transforms Thread 3" [_thread_blocked, id=3624, stack(0x0000003d80e00000,0x0000003d80f00000)]
  0x000001427a2505b0 JavaThread "jar transforms Thread 4" [_thread_blocked, id=12688, stack(0x0000003d80f00000,0x0000003d81000000)]
  0x000001427a250ac0 JavaThread "jar transforms Thread 5" [_thread_blocked, id=26684, stack(0x0000003d81000000,0x0000003d81100000)]
  0x000001427a24f680 JavaThread "jar transforms Thread 6" [_thread_blocked, id=26860, stack(0x0000003d81100000,0x0000003d81200000)]
  0x000001427a24fb90 JavaThread "jar transforms Thread 7" [_thread_blocked, id=992, stack(0x0000003d81200000,0x0000003d81300000)]
  0x000001427a24d310 JavaThread "jar transforms Thread 8" [_thread_blocked, id=13936, stack(0x0000003d81300000,0x0000003d81400000)]
  0x000001427a250fd0 JavaThread "jar transforms Thread 9" [_thread_blocked, id=23080, stack(0x0000003d81400000,0x0000003d81500000)]
  0x000001427a24d820 JavaThread "jar transforms Thread 10" [_thread_blocked, id=25772, stack(0x0000003d81500000,0x0000003d81600000)]
  0x000001427a253d60 JavaThread "jar transforms Thread 11" [_thread_blocked, id=22316, stack(0x0000003d81600000,0x0000003d81700000)]
  0x000001427a253340 JavaThread "jar transforms Thread 12" [_thread_blocked, id=9732, stack(0x0000003d81700000,0x0000003d81800000)]
  0x000001427a252920 JavaThread "Cache worker for file content cache (C:\Users\busi4\.gradle\caches\8.7\fileContent)" [_thread_blocked, id=21908, stack(0x0000003d81b00000,0x0000003d81c00000)]
  0x000001427929aca0 JavaThread "Memory manager" [_thread_blocked, id=16720, stack(0x0000003d82c00000,0x0000003d82d00000)]
  0x000001427c175b50 JavaThread "Daemon Thread 2" [_thread_blocked, id=6948, stack(0x0000003d81800000,0x0000003d81900000)]
  0x000001427c175130 JavaThread "Handler for socket connection from /127.0.0.1:5723 to /127.0.0.1:5752" [_thread_in_native, id=24832, stack(0x0000003d81900000,0x0000003d81a00000)]
  0x000001427c1732d0 JavaThread "Cancel handler" [_thread_blocked, id=26928, stack(0x0000003d81a00000,0x0000003d81b00000)]
  0x000001427c176060 JavaThread "Daemon worker Thread 2" [_thread_blocked, id=2856, stack(0x0000003d81c00000,0x0000003d81d00000)]
  0x000001427c1728b0 JavaThread "Asynchronous log dispatcher for DefaultDaemonConnection: socket connection from /127.0.0.1:5723 to /127.0.0.1:5752" [_thread_blocked, id=13828, stack(0x0000003d81d00000,0x0000003d81e00000)]
  0x000001427c176570 JavaThread "Stdin handler" [_thread_blocked, id=8728, stack(0x0000003d81e00000,0x0000003d81f00000)]
  0x000001427c173cf0 JavaThread "Daemon client event forwarder" [_thread_blocked, id=4356, stack(0x0000003d81f00000,0x0000003d82000000)]
  0x000001427c172dc0 JavaThread "Cache worker for file hash cache (C:\Programming\Bible\.gradle\8.7\fileHashes)" [_thread_blocked, id=27280, stack(0x0000003d82100000,0x0000003d82200000)]
  0x000001427c179300 JavaThread "Cache worker for checksums cache (C:\Programming\Bible\.gradle\8.7\checksums)" [_thread_blocked, id=23800, stack(0x0000003d82200000,0x0000003d82300000)]
  0x000001427c1783d0 JavaThread "Cache worker for cache directory md-supplier (C:\Users\busi4\.gradle\caches\8.7\md-supplier)" [_thread_blocked, id=9680, stack(0x0000003d82300000,0x0000003d82400000)]
  0x000001427c179d20 JavaThread "Cache worker for cache directory md-rule (C:\Users\busi4\.gradle\caches\8.7\md-rule)" [_thread_blocked, id=18324, stack(0x0000003d82400000,0x0000003d82500000)]
  0x000001427c176f90 JavaThread "Cache worker for Build Output Cleanup Cache (C:\Programming\Bible\.gradle\buildOutputCleanup)" [_thread_blocked, id=24172, stack(0x0000003d82800000,0x0000003d82900000)]
  0x000001427c176a80 JavaThread "Unconstrained build operations" [_thread_blocked, id=23832, stack(0x0000003d82b00000,0x0000003d82c00000)]
  0x000001427bb3bf70 JavaThread "Unconstrained build operations Thread 2" [_thread_blocked, id=5344, stack(0x0000003d82d00000,0x0000003d82e00000)]
  0x000001427bb3c480 JavaThread "Unconstrained build operations Thread 3" [_thread_blocked, id=3532, stack(0x0000003d82e00000,0x0000003d82f00000)]
  0x000001427bb3ddd0 JavaThread "Unconstrained build operations Thread 4" [_thread_blocked, id=8616, stack(0x0000003d82f00000,0x0000003d83000000)]
  0x000001427bb3c990 JavaThread "Unconstrained build operations Thread 5" [_thread_blocked, id=15168, stack(0x0000003d83000000,0x0000003d83100000)]
  0x000001427bb3e7f0 JavaThread "Unconstrained build operations Thread 6" [_thread_blocked, id=12224, stack(0x0000003d83100000,0x0000003d83200000)]
  0x000001427bb3b040 JavaThread "Unconstrained build operations Thread 7" [_thread_blocked, id=17200, stack(0x0000003d83200000,0x0000003d83300000)]
  0x000001427bb3ed00 JavaThread "Unconstrained build operations Thread 8" [_thread_blocked, id=7112, stack(0x0000003d83300000,0x0000003d83400000)]
  0x000001427bb3ba60 JavaThread "Unconstrained build operations Thread 9" [_thread_blocked, id=4704, stack(0x0000003d83400000,0x0000003d83500000)]
  0x000001427bb3b550 JavaThread "Unconstrained build operations Thread 10" [_thread_blocked, id=16728, stack(0x0000003d83500000,0x0000003d83600000)]
  0x000001427bb3f720 JavaThread "Unconstrained build operations Thread 11" [_thread_blocked, id=11544, stack(0x0000003d83600000,0x0000003d83700000)]
  0x000001427bb3fc30 JavaThread "build event listener" [_thread_blocked, id=22268, stack(0x0000003d83700000,0x0000003d83800000)]
  0x000001427bb40140 JavaThread "build event listener" [_thread_blocked, id=26724, stack(0x0000003d83800000,0x0000003d83900000)]
  0x000001427bb3d8c0 JavaThread "build event listener" [_thread_blocked, id=24668, stack(0x0000003d83900000,0x0000003d83a00000)]
  0x000001427bb40650 JavaThread "included builds" [_thread_blocked, id=15636, stack(0x0000003d83b00000,0x0000003d83c00000)]
  0x000001427bb40b60 JavaThread "Execution worker" [_thread_blocked, id=11664, stack(0x0000003d83c00000,0x0000003d83d00000)]
  0x000001427bb3d3b0 JavaThread "Execution worker Thread 2" [_thread_blocked, id=7852, stack(0x0000003d83d00000,0x0000003d83e00000)]
  0x000001427bb41580 JavaThread "Execution worker Thread 3" [_thread_blocked, id=15000, stack(0x0000003d83e00000,0x0000003d83f00000)]
  0x000001427bb41a90 JavaThread "Execution worker Thread 4" [_thread_blocked, id=24804, stack(0x0000003d83f00000,0x0000003d84000000)]
  0x000001427bb41fa0 JavaThread "Execution worker Thread 5" [_thread_blocked, id=15496, stack(0x0000003d84000000,0x0000003d84100000)]
  0x000001427bb424b0 JavaThread "Execution worker Thread 6" [_thread_blocked, id=24928, stack(0x0000003d84100000,0x0000003d84200000)]
  0x000001420cc22230 JavaThread "Execution worker Thread 7" [_thread_blocked, id=4580, stack(0x0000003d84200000,0x0000003d84300000)]
  0x000001420cc245a0 JavaThread "Execution worker Thread 8" [_thread_blocked, id=12360, stack(0x0000003d84300000,0x0000003d84400000)]
  0x000001420cc22c50 JavaThread "Execution worker Thread 9" [_thread_blocked, id=22908, stack(0x0000003d84400000,0x0000003d84500000)]
  0x000001420cc259e0 JavaThread "Execution worker Thread 10" [_thread_blocked, id=19248, stack(0x0000003d84500000,0x0000003d84600000)]
  0x000001420cc22740 JavaThread "Execution worker Thread 11" [_thread_blocked, id=17928, stack(0x0000003d84600000,0x0000003d84700000)]
  0x000001420cc24ab0 JavaThread "Cache worker for execution history cache (C:\Programming\Bible\.gradle\8.7\executionHistory)" [_thread_blocked, id=11416, stack(0x0000003d84700000,0x0000003d84800000)]
  0x000001420cc25ef0 JavaThread "Unconstrained build operations Thread 12" [_thread_blocked, id=13040, stack(0x0000003d84800000,0x0000003d84900000)]
  0x000001420cc27330 JavaThread "Unconstrained build operations Thread 13" [_thread_blocked, id=5164, stack(0x0000003d84900000,0x0000003d84a00000)]
  0x000001420cc26400 JavaThread "Unconstrained build operations Thread 14" [_thread_blocked, id=12244, stack(0x0000003d84a00000,0x0000003d84b00000)]
  0x000001420cc26910 JavaThread "Unconstrained build operations Thread 15" [_thread_blocked, id=23648, stack(0x0000003d84b00000,0x0000003d84c00000)]
  0x000001420cc26e20 JavaThread "Unconstrained build operations Thread 16" [_thread_blocked, id=18996, stack(0x0000003d84c00000,0x0000003d84d00000)]
  0x000001420cc23b80 JavaThread "Unconstrained build operations Thread 17" [_thread_blocked, id=11164, stack(0x0000003d84d00000,0x0000003d84e00000)]
  0x000001420cc27840 JavaThread "Unconstrained build operations Thread 18" [_thread_blocked, id=20208, stack(0x0000003d84e00000,0x0000003d84f00000)]
  0x000001420cc28c80 JavaThread "Unconstrained build operations Thread 19" [_thread_blocked, id=5488, stack(0x0000003d84f00000,0x0000003d85000000)]
  0x000001420cc29bb0 JavaThread "Unconstrained build operations Thread 20" [_thread_blocked, id=13644, stack(0x0000003d85000000,0x0000003d85100000)]
  0x000001420cc27d50 JavaThread "Unconstrained build operations Thread 21" [_thread_blocked, id=216, stack(0x0000003d85100000,0x0000003d85200000)]
  0x000001420cc296a0 JavaThread "Unconstrained build operations Thread 22" [_thread_blocked, id=23048, stack(0x0000003d85200000,0x0000003d85300000)]
  0x000001420cc28770 JavaThread "Unconstrained build operations Thread 23" [_thread_blocked, id=25100, stack(0x0000003d85300000,0x0000003d85400000)]
  0x000001427929d010 JavaThread "Unconstrained build operations Thread 24" [_thread_blocked, id=15668, stack(0x0000003d85400000,0x0000003d85500000)]
  0x000001427929a790 JavaThread "Unconstrained build operations Thread 25" [_thread_blocked, id=26752, stack(0x0000003d85500000,0x0000003d85600000)]
  0x000001427929bbd0 JavaThread "Unconstrained build operations Thread 26" [_thread_blocked, id=18608, stack(0x0000003d85600000,0x0000003d85700000)]
  0x000001427929c0e0 JavaThread "Unconstrained build operations Thread 27" [_thread_blocked, id=19176, stack(0x0000003d85700000,0x0000003d85800000)]
  0x000001427929b1b0 JavaThread "Unconstrained build operations Thread 28" [_thread_blocked, id=19488, stack(0x0000003d85800000,0x0000003d85900000)]
  0x0000014279299d70 JavaThread "Unconstrained build operations Thread 29" [_thread_blocked, id=10188, stack(0x0000003d85900000,0x0000003d85a00000)]
  0x0000014279299860 JavaThread "Unconstrained build operations Thread 30" [_thread_blocked, id=17424, stack(0x0000003d85a00000,0x0000003d85b00000)]
  0x000001427929d520 JavaThread "Unconstrained build operations Thread 31" [_thread_blocked, id=13728, stack(0x0000003d85b00000,0x0000003d85c00000)]
  0x000001427929f380 JavaThread "Unconstrained build operations Thread 32" [_thread_blocked, id=11852, stack(0x0000003d85c00000,0x0000003d85d00000)]
  0x000001427929df40 JavaThread "Unconstrained build operations Thread 33" [_thread_blocked, id=19056, stack(0x0000003d85d00000,0x0000003d85e00000)]
  0x000001427929e450 JavaThread "Unconstrained build operations Thread 34" [_thread_blocked, id=11892, stack(0x0000003d85e00000,0x0000003d85f00000)]
  0x000001427929da30 JavaThread "WorkerExecutor Queue" [_thread_in_native, id=9636, stack(0x0000003d85f00000,0x0000003d86000000)]
  0x000001427929f890 JavaThread "RMI Scheduler(0)" daemon [_thread_blocked, id=22764, stack(0x0000003d82000000,0x0000003d82100000)]
  0x000001427929fda0 JavaThread "RMI RenewClean-[127.0.0.1:17610,org.jetbrains.kotlin.daemon.common.LoopbackNetworkInterface$ClientLoopbackSocketFactory@52ef7ffe]" daemon [_thread_blocked, id=19004, stack(0x0000003d83a00000,0x0000003d83b00000)]
  0x00000142792a02b0 JavaThread "RMI GC Daemon" daemon [_thread_blocked, id=16056, stack(0x0000003d86000000,0x0000003d86100000)]
  0x00000142792a07c0 JavaThread "RMI TCP Accept-0" daemon [_thread_in_native, id=11516, stack(0x0000003d86100000,0x0000003d86200000)]
  0x000001427929e960 JavaThread "RMI Reaper" [_thread_blocked, id=4080, stack(0x0000003d86200000,0x0000003d86300000)]
  0x000001427929ee70 JavaThread "RMI TCP Connection(idle)" daemon [_thread_blocked, id=12400, stack(0x0000003d86300000,0x0000003d86400000)]

Other Threads:
  0x00000142333426d0 VMThread "VM Thread" [stack: 0x0000003dfe300000,0x0000003dfe400000] [id=6960]
  0x0000014233677cc0 WatcherThread [stack: 0x0000003dfef00000,0x0000003dff000000] [id=25132]
  0x000001421285e870 GCTaskThread "GC Thread#0" [stack: 0x0000003dfde00000,0x0000003dfdf00000] [id=26528]
  0x0000014279979320 GCTaskThread "GC Thread#1" [stack: 0x0000003dff200000,0x0000003dff300000] [id=18272]
  0x0000014279978ae0 GCTaskThread "GC Thread#2" [stack: 0x0000003dff300000,0x0000003dff400000] [id=26156]
  0x00000142799777a0 GCTaskThread "GC Thread#3" [stack: 0x0000003dff400000,0x0000003dff500000] [id=26360]
  0x0000014279977a60 GCTaskThread "GC Thread#4" [stack: 0x0000003dff500000,0x0000003dff600000] [id=15852]
  0x0000014279978da0 GCTaskThread "GC Thread#5" [stack: 0x0000003d80500000,0x0000003d80600000] [id=18732]
  0x0000014279977d20 GCTaskThread "GC Thread#6" [stack: 0x0000003d80600000,0x0000003d80700000] [id=18584]
  0x00000142799782a0 GCTaskThread "GC Thread#7" [stack: 0x0000003d80700000,0x0000003d80800000] [id=23116]
  0x0000014279978560 GCTaskThread "GC Thread#8" [stack: 0x0000003d80800000,0x0000003d80900000] [id=9004]
  0x000001427c6e8f50 GCTaskThread "GC Thread#9" [stack: 0x0000003d80900000,0x0000003d80a00000] [id=25184]
  0x0000014214279f70 ConcurrentGCThread "G1 Main Marker" [stack: 0x0000003dfdf00000,0x0000003dfe000000] [id=27404]
  0x000001421427b570 ConcurrentGCThread "G1 Conc#0" [stack: 0x0000003dfe000000,0x0000003dfe100000] [id=17160]
  0x000001427c6e9210 ConcurrentGCThread "G1 Conc#1" [stack: 0x0000003d80b00000,0x0000003d80c00000] [id=19304]
  0x000001427c6eaad0 ConcurrentGCThread "G1 Conc#2" [stack: 0x0000003d80c00000,0x0000003d80d00000] [id=22952]
  0x00000142142be930 ConcurrentGCThread "G1 Refine#0" [stack: 0x0000003dfe100000,0x0000003dfe200000] [id=12736]
  0x000001427d02cf00 ConcurrentGCThread "G1 Refine#1" [stack: 0x0000003d82500000,0x0000003d82600000] [id=17412]
  0x000001427d02ba70 ConcurrentGCThread "G1 Refine#2" [stack: 0x0000003d82600000,0x0000003d82700000] [id=23608]
  0x000001427d02b490 ConcurrentGCThread "G1 Refine#3" [stack: 0x0000003d82700000,0x0000003d82800000] [id=21132]
  0x000001427d02b780 ConcurrentGCThread "G1 Refine#4" [stack: 0x0000003d82900000,0x0000003d82a00000] [id=8664]
  0x000001427d2bcd00 ConcurrentGCThread "G1 Refine#5" [stack: 0x0000003d82a00000,0x0000003d82b00000] [id=15908]
  0x00000142331e35f0 ConcurrentGCThread "G1 Service" [stack: 0x0000003dfe200000,0x0000003dfe300000] [id=24428]

Threads with active compile tasks:
C2 CompilerThread0   336958 17567   !   4       java.util.concurrent.locks.AbstractQueuedSynchronizer::acquire (407 bytes)

VM state: not at safepoint (normal execution)

VM Mutex/Monitor currently owned by a thread: None

Heap address: 0x0000000080000000, size: 2048 MB, Compressed Oops mode: 32-bit

CDS archive(s) mapped at: [0x0000014234000000-0x0000014234ba0000-0x0000014234ba0000), size 12189696, SharedBaseAddress: 0x0000014234000000, ArchiveRelocationMode: 1.
Compressed class space mapped at: 0x0000014235000000-0x0000014275000000, reserved size: 1073741824
Narrow klass base: 0x0000014234000000, Narrow klass shift: 0, Narrow klass range: 0x100000000

GC Precious Log:
 CPUs: 12 total, 12 available
 Memory: 15741M
 Large Page Support: Disabled
 NUMA Support: Disabled
 Compressed Oops: Enabled (32-bit)
 Heap Region Size: 1M
 Heap Min Capacity: 8M
 Heap Initial Capacity: 246M
 Heap Max Capacity: 2G
 Pre-touch: Disabled
 Parallel Workers: 10
 Concurrent Workers: 3
 Concurrent Refinement Workers: 10
 Periodic GC: Disabled

Heap:
 garbage-first heap   total 393216K, used 238007K [0x0000000080000000, 0x0000000100000000)
  region size 1024K, 14 young (14336K), 8 survivors (8192K)
 Metaspace       used 144800K, committed 145984K, reserved 1179648K
  class space    used 18991K, committed 19584K, reserved 1048576K

Heap Regions: E=young(eden), S=young(survivor), O=old, HS=humongous(starts), HC=humongous(continues), CS=collection set, F=free, OA=open archive, CA=closed archive, TAMS=top-at-mark-start (previous, next)
|   0|0x0000000080000000, 0x0000000080100000, 0x0000000080100000|100%|HS|  |TAMS 0x0000000080100000, 0x0000000080000000| Complete 
|   1|0x0000000080100000, 0x0000000080200000, 0x0000000080200000|100%|HC|  |TAMS 0x0000000080200000, 0x0000000080100000| Complete 
|   2|0x0000000080200000, 0x0000000080300000, 0x0000000080300000|100%|HC|  |TAMS 0x0000000080300000, 0x0000000080200000| Complete 
|   3|0x0000000080300000, 0x0000000080400000, 0x0000000080400000|100%|HC|  |TAMS 0x0000000080400000, 0x0000000080300000| Complete 
|   4|0x0000000080400000, 0x0000000080500000, 0x0000000080500000|100%| O|  |TAMS 0x0000000080500000, 0x0000000080400000| Untracked 
|   5|0x0000000080500000, 0x0000000080600000, 0x0000000080600000|100%| O|  |TAMS 0x0000000080600000, 0x0000000080500000| Untracked 
|   6|0x0000000080600000, 0x0000000080700000, 0x0000000080700000|100%| O|  |TAMS 0x0000000080700000, 0x0000000080600000| Untracked 
|   7|0x0000000080700000, 0x0000000080800000, 0x0000000080800000|100%| O|  |TAMS 0x0000000080800000, 0x0000000080700000| Untracked 
|   8|0x0000000080800000, 0x0000000080900000, 0x0000000080900000|100%| O|  |TAMS 0x0000000080900000, 0x0000000080800000| Untracked 
|   9|0x0000000080900000, 0x0000000080a00000, 0x0000000080a00000|100%| O|  |TAMS 0x0000000080a00000, 0x0000000080900000| Untracked 
|  10|0x0000000080a00000, 0x0000000080b00000, 0x0000000080b00000|100%| O|  |TAMS 0x0000000080b00000, 0x0000000080a00000| Untracked 
|  11|0x0000000080b00000, 0x0000000080c00000, 0x0000000080c00000|100%| O|  |TAMS 0x0000000080c00000, 0x0000000080b00000| Untracked 
|  12|0x0000000080c00000, 0x0000000080d00000, 0x0000000080d00000|100%| O|  |TAMS 0x0000000080d00000, 0x0000000080c00000| Untracked 
|  13|0x0000000080d00000, 0x0000000080e00000, 0x0000000080e00000|100%| O|  |TAMS 0x0000000080e00000, 0x0000000080d00000| Untracked 
|  14|0x0000000080e00000, 0x0000000080f00000, 0x0000000080f00000|100%| O|  |TAMS 0x0000000080f00000, 0x0000000080e00000| Untracked 
|  15|0x0000000080f00000, 0x0000000081000000, 0x0000000081000000|100%| O|  |TAMS 0x0000000081000000, 0x0000000080f00000| Untracked 
|  16|0x0000000081000000, 0x0000000081100000, 0x0000000081100000|100%| O|  |TAMS 0x0000000081100000, 0x0000000081000000| Untracked 
|  17|0x0000000081100000, 0x0000000081200000, 0x0000000081200000|100%| O|  |TAMS 0x0000000081200000, 0x0000000081100000| Untracked 
|  18|0x0000000081200000, 0x0000000081300000, 0x0000000081300000|100%| O|  |TAMS 0x0000000081300000, 0x0000000081200000| Untracked 
|  19|0x0000000081300000, 0x0000000081400000, 0x0000000081400000|100%| O|  |TAMS 0x0000000081400000, 0x0000000081300000| Untracked 
|  20|0x0000000081400000, 0x0000000081500000, 0x0000000081500000|100%| O|  |TAMS 0x0000000081500000, 0x0000000081400000| Untracked 
|  21|0x0000000081500000, 0x00000000815fee00, 0x0000000081600000| 99%| O|  |TAMS 0x00000000815fee00, 0x0000000081500000| Untracked 
|  22|0x0000000081600000, 0x0000000081700000, 0x0000000081700000|100%|HS|  |TAMS 0x0000000081700000, 0x0000000081600000| Complete 
|  23|0x0000000081700000, 0x0000000081800000, 0x0000000081800000|100%|HC|  |TAMS 0x0000000081800000, 0x0000000081700000| Complete 
|  24|0x0000000081800000, 0x0000000081900000, 0x0000000081900000|100%|HC|  |TAMS 0x0000000081900000, 0x0000000081800000| Complete 
|  25|0x0000000081900000, 0x0000000081a00000, 0x0000000081a00000|100%|HC|  |TAMS 0x0000000081a00000, 0x0000000081900000| Complete 
|  26|0x0000000081a00000, 0x0000000081b00000, 0x0000000081b00000|100%|HC|  |TAMS 0x0000000081b00000, 0x0000000081a00000| Complete 
|  27|0x0000000081b00000, 0x0000000081c00000, 0x0000000081c00000|100%|HS|  |TAMS 0x0000000081c00000, 0x0000000081b00000| Complete 
|  28|0x0000000081c00000, 0x0000000081d00000, 0x0000000081d00000|100%|HC|  |TAMS 0x0000000081d00000, 0x0000000081c00000| Complete 
|  29|0x0000000081d00000, 0x0000000081e00000, 0x0000000081e00000|100%|HC|  |TAMS 0x0000000081e00000, 0x0000000081d00000| Complete 
|  30|0x0000000081e00000, 0x0000000081f00000, 0x0000000081f00000|100%|HS|  |TAMS 0x0000000081f00000, 0x0000000081e00000| Complete 
|  31|0x0000000081f00000, 0x0000000082000000, 0x0000000082000000|100%|HC|  |TAMS 0x0000000082000000, 0x0000000081f00000| Complete 
|  32|0x0000000082000000, 0x0000000082100000, 0x0000000082100000|100%|HS|  |TAMS 0x0000000082100000, 0x0000000082000000| Complete 
|  33|0x0000000082100000, 0x0000000082200000, 0x0000000082200000|100%| O|  |TAMS 0x0000000082200000, 0x0000000082100000| Untracked 
|  34|0x0000000082200000, 0x0000000082300000, 0x0000000082300000|100%| O|  |TAMS 0x0000000082300000, 0x0000000082200000| Untracked 
|  35|0x0000000082300000, 0x0000000082400000, 0x0000000082400000|100%| O|  |TAMS 0x0000000082400000, 0x0000000082300000| Untracked 
|  36|0x0000000082400000, 0x0000000082500000, 0x0000000082500000|100%| O|  |TAMS 0x0000000082500000, 0x0000000082400000| Untracked 
|  37|0x0000000082500000, 0x0000000082600000, 0x0000000082600000|100%| O|  |TAMS 0x0000000082600000, 0x0000000082500000| Untracked 
|  38|0x0000000082600000, 0x0000000082700000, 0x0000000082700000|100%| O|  |TAMS 0x0000000082700000, 0x0000000082600000| Untracked 
|  39|0x0000000082700000, 0x0000000082800000, 0x0000000082800000|100%| O|  |TAMS 0x0000000082800000, 0x0000000082700000| Untracked 
|  40|0x0000000082800000, 0x0000000082900000, 0x0000000082900000|100%| O|  |TAMS 0x0000000082900000, 0x0000000082800000| Untracked 
|  41|0x0000000082900000, 0x0000000082a00000, 0x0000000082a00000|100%| O|  |TAMS 0x0000000082a00000, 0x0000000082900000| Untracked 
|  42|0x0000000082a00000, 0x0000000082b00000, 0x0000000082b00000|100%| O|  |TAMS 0x0000000082b00000, 0x0000000082a00000| Untracked 
|  43|0x0000000082b00000, 0x0000000082c00000, 0x0000000082c00000|100%| O|  |TAMS 0x0000000082c00000, 0x0000000082b00000| Untracked 
|  44|0x0000000082c00000, 0x0000000082d00000, 0x0000000082d00000|100%|HS|  |TAMS 0x0000000082d00000, 0x0000000082c00000| Complete 
|  45|0x0000000082d00000, 0x0000000082e00000, 0x0000000082e00000|100%|HC|  |TAMS 0x0000000082e00000, 0x0000000082d00000| Complete 
|  46|0x0000000082e00000, 0x0000000082f00000, 0x0000000082f00000|100%| O|  |TAMS 0x0000000082f00000, 0x0000000082e00000| Untracked 
|  47|0x0000000082f00000, 0x0000000083000000, 0x0000000083000000|100%| O|  |TAMS 0x0000000083000000, 0x0000000082f00000| Untracked 
|  48|0x0000000083000000, 0x0000000083100000, 0x0000000083100000|100%| O|  |TAMS 0x0000000083100000, 0x0000000083000000| Untracked 
|  49|0x0000000083100000, 0x0000000083200000, 0x0000000083200000|100%| O|  |TAMS 0x0000000083200000, 0x0000000083100000| Untracked 
|  50|0x0000000083200000, 0x0000000083300000, 0x0000000083300000|100%|HS|  |TAMS 0x0000000083300000, 0x0000000083200000| Complete 
|  51|0x0000000083300000, 0x0000000083400000, 0x0000000083400000|100%|HC|  |TAMS 0x0000000083400000, 0x0000000083300000| Complete 
|  52|0x0000000083400000, 0x0000000083500000, 0x0000000083500000|100%|HC|  |TAMS 0x0000000083500000, 0x0000000083400000| Complete 
|  53|0x0000000083500000, 0x0000000083600000, 0x0000000083600000|100%|HC|  |TAMS 0x0000000083600000, 0x0000000083500000| Complete 
|  54|0x0000000083600000, 0x0000000083700000, 0x0000000083700000|100%|HC|  |TAMS 0x0000000083700000, 0x0000000083600000| Complete 
|  55|0x0000000083700000, 0x0000000083800000, 0x0000000083800000|100%|HS|  |TAMS 0x0000000083800000, 0x0000000083700000| Complete 
|  56|0x0000000083800000, 0x0000000083900000, 0x0000000083900000|100%|HC|  |TAMS 0x0000000083900000, 0x0000000083800000| Complete 
|  57|0x0000000083900000, 0x0000000083a00000, 0x0000000083a00000|100%|HC|  |TAMS 0x0000000083a00000, 0x0000000083900000| Complete 
|  58|0x0000000083a00000, 0x0000000083b00000, 0x0000000083b00000|100%|HC|  |TAMS 0x0000000083b00000, 0x0000000083a00000| Complete 
|  59|0x0000000083b00000, 0x0000000083c00000, 0x0000000083c00000|100%|HC|  |TAMS 0x0000000083c00000, 0x0000000083b00000| Complete 
|  60|0x0000000083c00000, 0x0000000083d00000, 0x0000000083d00000|100%| O|  |TAMS 0x0000000083d00000, 0x0000000083c00000| Untracked 
|  61|0x0000000083d00000, 0x0000000083e00000, 0x0000000083e00000|100%| O|  |TAMS 0x0000000083e00000, 0x0000000083d00000| Untracked 
|  62|0x0000000083e00000, 0x0000000083f00000, 0x0000000083f00000|100%| O|  |TAMS 0x0000000083f00000, 0x0000000083e00000| Untracked 
|  63|0x0000000083f00000, 0x0000000084000000, 0x0000000084000000|100%| O|  |TAMS 0x0000000084000000, 0x0000000083f00000| Untracked 
|  64|0x0000000084000000, 0x0000000084100000, 0x0000000084100000|100%| O|  |TAMS 0x0000000084100000, 0x0000000084000000| Untracked 
|  65|0x0000000084100000, 0x0000000084200000, 0x0000000084200000|100%| O|  |TAMS 0x0000000084200000, 0x0000000084100000| Untracked 
|  66|0x0000000084200000, 0x0000000084300000, 0x0000000084300000|100%|HS|  |TAMS 0x0000000084300000, 0x0000000084200000| Complete 
|  67|0x0000000084300000, 0x0000000084400000, 0x0000000084400000|100%|HC|  |TAMS 0x0000000084400000, 0x0000000084300000| Complete 
|  68|0x0000000084400000, 0x0000000084500000, 0x0000000084500000|100%|HS|  |TAMS 0x0000000084500000, 0x0000000084400000| Complete 
|  69|0x0000000084500000, 0x0000000084600000, 0x0000000084600000|100%|HC|  |TAMS 0x0000000084600000, 0x0000000084500000| Complete 
|  70|0x0000000084600000, 0x0000000084700000, 0x0000000084700000|100%|HC|  |TAMS 0x0000000084700000, 0x0000000084600000| Complete 
|  71|0x0000000084700000, 0x0000000084800000, 0x0000000084800000|100%|HS|  |TAMS 0x0000000084800000, 0x0000000084700000| Complete 
|  72|0x0000000084800000, 0x0000000084900000, 0x0000000084900000|100%| O|  |TAMS 0x0000000084900000, 0x0000000084800000| Untracked 
|  73|0x0000000084900000, 0x0000000084a00000, 0x0000000084a00000|100%| O|  |TAMS 0x0000000084a00000, 0x0000000084900000| Untracked 
|  74|0x0000000084a00000, 0x0000000084b00000, 0x0000000084b00000|100%| O|  |TAMS 0x0000000084b00000, 0x0000000084a00000| Untracked 
|  75|0x0000000084b00000, 0x0000000084c00000, 0x0000000084c00000|100%| O|  |TAMS 0x0000000084c00000, 0x0000000084b00000| Untracked 
|  76|0x0000000084c00000, 0x0000000084d00000, 0x0000000084d00000|100%| O|  |TAMS 0x0000000084d00000, 0x0000000084c00000| Untracked 
|  77|0x0000000084d00000, 0x0000000084e00000, 0x0000000084e00000|100%| O|  |TAMS 0x0000000084e00000, 0x0000000084d00000| Untracked 
|  78|0x0000000084e00000, 0x0000000084f00000, 0x0000000084f00000|100%| O|  |TAMS 0x0000000084f00000, 0x0000000084e00000| Untracked 
|  79|0x0000000084f00000, 0x0000000085000000, 0x0000000085000000|100%| O|  |TAMS 0x0000000085000000, 0x0000000084f00000| Untracked 
|  80|0x0000000085000000, 0x0000000085100000, 0x0000000085100000|100%| O|  |TAMS 0x0000000085100000, 0x0000000085000000| Untracked 
|  81|0x0000000085100000, 0x0000000085200000, 0x0000000085200000|100%| O|  |TAMS 0x0000000085200000, 0x0000000085100000| Untracked 
|  82|0x0000000085200000, 0x0000000085300000, 0x0000000085300000|100%| O|  |TAMS 0x0000000085300000, 0x0000000085200000| Untracked 
|  83|0x0000000085300000, 0x0000000085400000, 0x0000000085400000|100%| O|  |TAMS 0x0000000085400000, 0x0000000085300000| Untracked 
|  84|0x0000000085400000, 0x0000000085500000, 0x0000000085500000|100%| O|  |TAMS 0x0000000085500000, 0x0000000085400000| Untracked 
|  85|0x0000000085500000, 0x0000000085600000, 0x0000000085600000|100%| O|  |TAMS 0x0000000085600000, 0x0000000085500000| Untracked 
|  86|0x0000000085600000, 0x0000000085700000, 0x0000000085700000|100%| O|  |TAMS 0x0000000085700000, 0x0000000085600000| Untracked 
|  87|0x0000000085700000, 0x0000000085800000, 0x0000000085800000|100%| O|  |TAMS 0x0000000085800000, 0x0000000085700000| Untracked 
|  88|0x0000000085800000, 0x0000000085900000, 0x0000000085900000|100%| O|  |TAMS 0x0000000085900000, 0x0000000085800000| Untracked 
|  89|0x0000000085900000, 0x0000000085a00000, 0x0000000085a00000|100%| O|  |TAMS 0x0000000085a00000, 0x0000000085900000| Untracked 
|  90|0x0000000085a00000, 0x0000000085b00000, 0x0000000085b00000|100%| O|  |TAMS 0x0000000085b00000, 0x0000000085a00000| Untracked 
|  91|0x0000000085b00000, 0x0000000085c00000, 0x0000000085c00000|100%| O|  |TAMS 0x0000000085c00000, 0x0000000085b00000| Untracked 
|  92|0x0000000085c00000, 0x0000000085d00000, 0x0000000085d00000|100%| O|  |TAMS 0x0000000085d00000, 0x0000000085c00000| Untracked 
|  93|0x0000000085d00000, 0x0000000085e00000, 0x0000000085e00000|100%| O|  |TAMS 0x0000000085e00000, 0x0000000085d00000| Untracked 
|  94|0x0000000085e00000, 0x0000000085f00000, 0x0000000085f00000|100%| O|  |TAMS 0x0000000085f00000, 0x0000000085e00000| Untracked 
|  95|0x0000000085f00000, 0x0000000086000000, 0x0000000086000000|100%| O|  |TAMS 0x0000000086000000, 0x0000000085f00000| Untracked 
|  96|0x0000000086000000, 0x0000000086100000, 0x0000000086100000|100%| O|  |TAMS 0x0000000086100000, 0x0000000086000000| Untracked 
|  97|0x0000000086100000, 0x0000000086200000, 0x0000000086200000|100%| O|  |TAMS 0x0000000086200000, 0x0000000086100000| Untracked 
|  98|0x0000000086200000, 0x0000000086300000, 0x0000000086300000|100%| O|  |TAMS 0x0000000086300000, 0x0000000086200000| Untracked 
|  99|0x0000000086300000, 0x0000000086400000, 0x0000000086400000|100%| O|  |TAMS 0x00000000863d8c00, 0x0000000086300000| Untracked 
| 100|0x0000000086400000, 0x0000000086500000, 0x0000000086500000|100%| O|  |TAMS 0x0000000086400000, 0x0000000086400000| Untracked 
| 101|0x0000000086500000, 0x0000000086600000, 0x0000000086600000|100%| O|  |TAMS 0x0000000086600000, 0x0000000086500000| Untracked 
| 102|0x0000000086600000, 0x0000000086700000, 0x0000000086700000|100%| O|  |TAMS 0x0000000086700000, 0x0000000086600000| Untracked 
| 103|0x0000000086700000, 0x0000000086800000, 0x0000000086800000|100%| O|  |TAMS 0x0000000086800000, 0x0000000086700000| Untracked 
| 104|0x0000000086800000, 0x0000000086900000, 0x0000000086900000|100%| O|  |TAMS 0x0000000086800000, 0x0000000086800000| Untracked 
| 105|0x0000000086900000, 0x0000000086a00000, 0x0000000086a00000|100%| O|  |TAMS 0x0000000086a00000, 0x0000000086900000| Untracked 
| 106|0x0000000086a00000, 0x0000000086b00000, 0x0000000086b00000|100%| O|  |TAMS 0x0000000086b00000, 0x0000000086a00000| Untracked 
| 107|0x0000000086b00000, 0x0000000086c00000, 0x0000000086c00000|100%| O|  |TAMS 0x0000000086c00000, 0x0000000086b00000| Complete 
| 108|0x0000000086c00000, 0x0000000086d00000, 0x0000000086d00000|100%| O|  |TAMS 0x0000000086d00000, 0x0000000086c00000| Untracked 
| 109|0x0000000086d00000, 0x0000000086e00000, 0x0000000086e00000|100%| O|  |TAMS 0x0000000086e00000, 0x0000000086d00000| Untracked 
| 110|0x0000000086e00000, 0x0000000086f00000, 0x0000000086f00000|100%| O|  |TAMS 0x0000000086f00000, 0x0000000086e00000| Untracked 
| 111|0x0000000086f00000, 0x0000000087000000, 0x0000000087000000|100%|HS|  |TAMS 0x0000000087000000, 0x0000000086f00000| Complete 
| 112|0x0000000087000000, 0x0000000087100000, 0x0000000087100000|100%|HC|  |TAMS 0x0000000087100000, 0x0000000087000000| Complete 
| 113|0x0000000087100000, 0x0000000087200000, 0x0000000087200000|100%|HS|  |TAMS 0x0000000087200000, 0x0000000087100000| Complete 
| 114|0x0000000087200000, 0x0000000087300000, 0x0000000087300000|100%|HC|  |TAMS 0x0000000087300000, 0x0000000087200000| Complete 
| 115|0x0000000087300000, 0x0000000087400000, 0x0000000087400000|100%|HS|  |TAMS 0x0000000087400000, 0x0000000087300000| Complete 
| 116|0x0000000087400000, 0x0000000087500000, 0x0000000087500000|100%|HC|  |TAMS 0x0000000087500000, 0x0000000087400000| Complete 
| 117|0x0000000087500000, 0x0000000087600000, 0x0000000087600000|100%|HC|  |TAMS 0x0000000087600000, 0x0000000087500000| Complete 
| 118|0x0000000087600000, 0x0000000087700000, 0x0000000087700000|100%|HS|  |TAMS 0x0000000087700000, 0x0000000087600000| Complete 
| 119|0x0000000087700000, 0x0000000087800000, 0x0000000087800000|100%|HC|  |TAMS 0x0000000087800000, 0x0000000087700000| Complete 
| 120|0x0000000087800000, 0x0000000087900000, 0x0000000087900000|100%|HC|  |TAMS 0x0000000087900000, 0x0000000087800000| Complete 
| 121|0x0000000087900000, 0x0000000087a00000, 0x0000000087a00000|100%| O|  |TAMS 0x0000000087a00000, 0x0000000087900000| Untracked 
| 122|0x0000000087a00000, 0x0000000087b00000, 0x0000000087b00000|100%| O|  |TAMS 0x0000000087b00000, 0x0000000087a00000| Untracked 
| 123|0x0000000087b00000, 0x0000000087c00000, 0x0000000087c00000|100%| O|  |TAMS 0x0000000087c00000, 0x0000000087b00000| Untracked 
| 124|0x0000000087c00000, 0x0000000087d00000, 0x0000000087d00000|100%| O|  |TAMS 0x0000000087d00000, 0x0000000087c00000| Untracked 
| 125|0x0000000087d00000, 0x0000000087e00000, 0x0000000087e00000|100%| O|  |TAMS 0x0000000087e00000, 0x0000000087d00000| Untracked 
| 126|0x0000000087e00000, 0x0000000087f00000, 0x0000000087f00000|100%| O|  |TAMS 0x0000000087f00000, 0x0000000087e00000| Untracked 
| 127|0x0000000087f00000, 0x0000000088000000, 0x0000000088000000|100%| O|  |TAMS 0x0000000088000000, 0x0000000087f00000| Untracked 
| 128|0x0000000088000000, 0x0000000088100000, 0x0000000088100000|100%| O|  |TAMS 0x0000000088100000, 0x0000000088000000| Untracked 
| 129|0x0000000088100000, 0x0000000088200000, 0x0000000088200000|100%| O|  |TAMS 0x0000000088200000, 0x0000000088100000| Untracked 
| 130|0x0000000088200000, 0x0000000088300000, 0x0000000088300000|100%| O|  |TAMS 0x0000000088300000, 0x0000000088200000| Untracked 
| 131|0x0000000088300000, 0x0000000088400000, 0x0000000088400000|100%| O|  |TAMS 0x0000000088400000, 0x0000000088300000| Untracked 
| 132|0x0000000088400000, 0x0000000088500000, 0x0000000088500000|100%| O|  |TAMS 0x0000000088500000, 0x0000000088400000| Untracked 
| 133|0x0000000088500000, 0x0000000088600000, 0x0000000088600000|100%| O|  |TAMS 0x0000000088600000, 0x0000000088500000| Untracked 
| 134|0x0000000088600000, 0x0000000088700000, 0x0000000088700000|100%|HS|  |TAMS 0x0000000088700000, 0x0000000088600000| Complete 
| 135|0x0000000088700000, 0x0000000088800000, 0x0000000088800000|100%|HC|  |TAMS 0x0000000088800000, 0x0000000088700000| Complete 
| 136|0x0000000088800000, 0x0000000088900000, 0x0000000088900000|100%| O|  |TAMS 0x0000000088900000, 0x0000000088800000| Untracked 
| 137|0x0000000088900000, 0x0000000088a00000, 0x0000000088a00000|100%| O|  |TAMS 0x0000000088900000, 0x0000000088900000| Untracked 
| 138|0x0000000088a00000, 0x0000000088b00000, 0x0000000088b00000|100%| O|  |TAMS 0x0000000088b00000, 0x0000000088a00000| Complete 
| 139|0x0000000088b00000, 0x0000000088c00000, 0x0000000088c00000|100%| O|  |TAMS 0x0000000088c00000, 0x0000000088b00000| Untracked 
| 140|0x0000000088c00000, 0x0000000088d00000, 0x0000000088d00000|100%| O|  |TAMS 0x0000000088d00000, 0x0000000088c00000| Untracked 
| 141|0x0000000088d00000, 0x0000000088e00000, 0x0000000088e00000|100%| O|  |TAMS 0x0000000088e00000, 0x0000000088d00000| Untracked 
| 142|0x0000000088e00000, 0x0000000088f00000, 0x0000000088f00000|100%| O|  |TAMS 0x0000000088f00000, 0x0000000088e00000| Untracked 
| 143|0x0000000088f00000, 0x0000000089000000, 0x0000000089000000|100%| O|  |TAMS 0x0000000089000000, 0x0000000088f00000| Untracked 
| 144|0x0000000089000000, 0x0000000089100000, 0x0000000089100000|100%| O|  |TAMS 0x0000000089100000, 0x0000000089000000| Untracked 
| 145|0x0000000089100000, 0x0000000089200000, 0x0000000089200000|100%| O|  |TAMS 0x0000000089200000, 0x0000000089100000| Untracked 
| 146|0x0000000089200000, 0x0000000089300000, 0x0000000089300000|100%| O|  |TAMS 0x0000000089300000, 0x0000000089200000| Untracked 
| 147|0x0000000089300000, 0x0000000089400000, 0x0000000089400000|100%| O|  |TAMS 0x0000000089400000, 0x0000000089300000| Complete 
| 148|0x0000000089400000, 0x0000000089500000, 0x0000000089500000|100%| O|  |TAMS 0x0000000089400000, 0x0000000089400000| Untracked 
| 149|0x0000000089500000, 0x0000000089600000, 0x0000000089600000|100%| O|  |TAMS 0x0000000089500000, 0x0000000089500000| Untracked 
| 150|0x0000000089600000, 0x0000000089700000, 0x0000000089700000|100%| O|  |TAMS 0x0000000089700000, 0x0000000089600000| Untracked 
| 151|0x0000000089700000, 0x0000000089800000, 0x0000000089800000|100%| O|  |TAMS 0x0000000089700000, 0x0000000089700000| Untracked 
| 152|0x0000000089800000, 0x0000000089900000, 0x0000000089900000|100%| O|  |TAMS 0x0000000089800000, 0x0000000089800000| Untracked 
| 153|0x0000000089900000, 0x0000000089a00000, 0x0000000089a00000|100%| O|  |TAMS 0x0000000089900000, 0x0000000089900000| Untracked 
| 154|0x0000000089a00000, 0x0000000089a70800, 0x0000000089b00000| 43%| O|  |TAMS 0x0000000089a00000, 0x0000000089a00000| Untracked 
| 155|0x0000000089b00000, 0x0000000089b00000, 0x0000000089c00000|  0%| F|  |TAMS 0x0000000089b00000, 0x0000000089b00000| Untracked 
| 156|0x0000000089c00000, 0x0000000089c00000, 0x0000000089d00000|  0%| F|  |TAMS 0x0000000089c00000, 0x0000000089c00000| Untracked 
| 157|0x0000000089d00000, 0x0000000089e00000, 0x0000000089e00000|100%|HS|  |TAMS 0x0000000089e00000, 0x0000000089d00000| Complete 
| 158|0x0000000089e00000, 0x0000000089f00000, 0x0000000089f00000|100%|HC|  |TAMS 0x0000000089f00000, 0x0000000089e00000| Complete 
| 159|0x0000000089f00000, 0x000000008a000000, 0x000000008a000000|100%|HC|  |TAMS 0x000000008a000000, 0x0000000089f00000| Complete 
| 160|0x000000008a000000, 0x000000008a100000, 0x000000008a100000|100%|HC|  |TAMS 0x000000008a100000, 0x000000008a000000| Complete 
| 161|0x000000008a100000, 0x000000008a200000, 0x000000008a200000|100%|HC|  |TAMS 0x000000008a200000, 0x000000008a100000| Complete 
| 162|0x000000008a200000, 0x000000008a300000, 0x000000008a300000|100%|HC|  |TAMS 0x000000008a300000, 0x000000008a200000| Complete 
| 163|0x000000008a300000, 0x000000008a400000, 0x000000008a400000|100%|HC|  |TAMS 0x000000008a400000, 0x000000008a300000| Complete 
| 164|0x000000008a400000, 0x000000008a500000, 0x000000008a500000|100%|HC|  |TAMS 0x000000008a500000, 0x000000008a400000| Complete 
| 165|0x000000008a500000, 0x000000008a600000, 0x000000008a600000|100%|HC|  |TAMS 0x000000008a600000, 0x000000008a500000| Complete 
| 166|0x000000008a600000, 0x000000008a700000, 0x000000008a700000|100%|HC|  |TAMS 0x000000008a700000, 0x000000008a600000| Complete 
| 167|0x000000008a700000, 0x000000008a800000, 0x000000008a800000|100%|HC|  |TAMS 0x000000008a800000, 0x000000008a700000| Complete 
| 168|0x000000008a800000, 0x000000008a900000, 0x000000008a900000|100%|HS|  |TAMS 0x000000008a900000, 0x000000008a800000| Complete 
| 169|0x000000008a900000, 0x000000008aa00000, 0x000000008aa00000|100%|HC|  |TAMS 0x000000008aa00000, 0x000000008a900000| Complete 
| 170|0x000000008aa00000, 0x000000008ab00000, 0x000000008ab00000|100%|HC|  |TAMS 0x000000008ab00000, 0x000000008aa00000| Complete 
| 171|0x000000008ab00000, 0x000000008ac00000, 0x000000008ac00000|100%|HC|  |TAMS 0x000000008ac00000, 0x000000008ab00000| Complete 
| 172|0x000000008ac00000, 0x000000008ad00000, 0x000000008ad00000|100%|HC|  |TAMS 0x000000008ad00000, 0x000000008ac00000| Complete 
| 173|0x000000008ad00000, 0x000000008ae00000, 0x000000008ae00000|100%|HS|  |TAMS 0x000000008ae00000, 0x000000008ad00000| Complete 
| 174|0x000000008ae00000, 0x000000008af00000, 0x000000008af00000|100%|HC|  |TAMS 0x000000008af00000, 0x000000008ae00000| Complete 
| 175|0x000000008af00000, 0x000000008b000000, 0x000000008b000000|100%|HS|  |TAMS 0x000000008b000000, 0x000000008af00000| Complete 
| 176|0x000000008b000000, 0x000000008b100000, 0x000000008b100000|100%|HC|  |TAMS 0x000000008b100000, 0x000000008b000000| Complete 
| 177|0x000000008b100000, 0x000000008b200000, 0x000000008b200000|100%|HC|  |TAMS 0x000000008b200000, 0x000000008b100000| Complete 
| 178|0x000000008b200000, 0x000000008b300000, 0x000000008b300000|100%|HC|  |TAMS 0x000000008b300000, 0x000000008b200000| Complete 
| 179|0x000000008b300000, 0x000000008b400000, 0x000000008b400000|100%|HC|  |TAMS 0x000000008b400000, 0x000000008b300000| Complete 
| 180|0x000000008b400000, 0x000000008b500000, 0x000000008b500000|100%|HC|  |TAMS 0x000000008b500000, 0x000000008b400000| Complete 
| 181|0x000000008b500000, 0x000000008b600000, 0x000000008b600000|100%|HC|  |TAMS 0x000000008b600000, 0x000000008b500000| Complete 
| 182|0x000000008b600000, 0x000000008b700000, 0x000000008b700000|100%|HC|  |TAMS 0x000000008b700000, 0x000000008b600000| Complete 
| 183|0x000000008b700000, 0x000000008b800000, 0x000000008b800000|100%|HC|  |TAMS 0x000000008b800000, 0x000000008b700000| Complete 
| 184|0x000000008b800000, 0x000000008b900000, 0x000000008b900000|100%|HC|  |TAMS 0x000000008b900000, 0x000000008b800000| Complete 
| 185|0x000000008b900000, 0x000000008ba00000, 0x000000008ba00000|100%|HC|  |TAMS 0x000000008ba00000, 0x000000008b900000| Complete 
| 186|0x000000008ba00000, 0x000000008bb00000, 0x000000008bb00000|100%|HS|  |TAMS 0x000000008bb00000, 0x000000008ba00000| Complete 
| 187|0x000000008bb00000, 0x000000008bc00000, 0x000000008bc00000|100%|HC|  |TAMS 0x000000008bc00000, 0x000000008bb00000| Complete 
| 188|0x000000008bc00000, 0x000000008bd00000, 0x000000008bd00000|100%| O|  |TAMS 0x000000008bd00000, 0x000000008bc00000| Untracked 
| 189|0x000000008bd00000, 0x000000008be00000, 0x000000008be00000|100%| O|  |TAMS 0x000000008be00000, 0x000000008bd00000| Untracked 
| 190|0x000000008be00000, 0x000000008bf00000, 0x000000008bf00000|100%| O|  |TAMS 0x000000008bf00000, 0x000000008be00000| Untracked 
| 191|0x000000008bf00000, 0x000000008c000000, 0x000000008c000000|100%| O|  |TAMS 0x000000008c000000, 0x000000008bf00000| Untracked 
| 192|0x000000008c000000, 0x000000008c100000, 0x000000008c100000|100%| O|  |TAMS 0x000000008c100000, 0x000000008c000000| Untracked 
| 193|0x000000008c100000, 0x000000008c200000, 0x000000008c200000|100%| O|  |TAMS 0x000000008c200000, 0x000000008c100000| Untracked 
| 194|0x000000008c200000, 0x000000008c300000, 0x000000008c300000|100%| O|  |TAMS 0x000000008c300000, 0x000000008c200000| Untracked 
| 195|0x000000008c300000, 0x000000008c400000, 0x000000008c400000|100%| O|  |TAMS 0x000000008c400000, 0x000000008c300000| Untracked 
| 196|0x000000008c400000, 0x000000008c500000, 0x000000008c500000|100%| O|  |TAMS 0x000000008c500000, 0x000000008c400000| Untracked 
| 197|0x000000008c500000, 0x000000008c600000, 0x000000008c600000|100%| O|  |TAMS 0x000000008c600000, 0x000000008c500000| Untracked 
| 198|0x000000008c600000, 0x000000008c700000, 0x000000008c700000|100%| O|  |TAMS 0x000000008c700000, 0x000000008c600000| Untracked 
| 199|0x000000008c700000, 0x000000008c800000, 0x000000008c800000|100%| O|  |TAMS 0x000000008c800000, 0x000000008c700000| Complete 
| 200|0x000000008c800000, 0x000000008c900000, 0x000000008c900000|100%| O|  |TAMS 0x000000008c900000, 0x000000008c800000| Complete 
| 201|0x000000008c900000, 0x000000008ca00000, 0x000000008ca00000|100%| O|  |TAMS 0x000000008ca00000, 0x000000008c900000| Complete 
| 202|0x000000008ca00000, 0x000000008cb00000, 0x000000008cb00000|100%| O|  |TAMS 0x000000008cb00000, 0x000000008ca00000| Untracked 
| 203|0x000000008cb00000, 0x000000008cc00000, 0x000000008cc00000|100%| O|  |TAMS 0x000000008cc00000, 0x000000008cb00000| Untracked 
| 204|0x000000008cc00000, 0x000000008cd00000, 0x000000008cd00000|100%| O|  |TAMS 0x000000008cd00000, 0x000000008cc00000| Untracked 
| 205|0x000000008cd00000, 0x000000008ce00000, 0x000000008ce00000|100%| O|  |TAMS 0x000000008ce00000, 0x000000008cd00000| Untracked 
| 206|0x000000008ce00000, 0x000000008cf00000, 0x000000008cf00000|100%| O|  |TAMS 0x000000008cf00000, 0x000000008ce00000| Untracked 
| 207|0x000000008cf00000, 0x000000008d000000, 0x000000008d000000|100%| O|  |TAMS 0x000000008d000000, 0x000000008cf00000| Untracked 
| 208|0x000000008d000000, 0x000000008d100000, 0x000000008d100000|100%| O|  |TAMS 0x000000008d100000, 0x000000008d000000| Untracked 
| 209|0x000000008d100000, 0x000000008d200000, 0x000000008d200000|100%| O|  |TAMS 0x000000008d200000, 0x000000008d100000| Untracked 
| 210|0x000000008d200000, 0x000000008d300000, 0x000000008d300000|100%| O|  |TAMS 0x000000008d300000, 0x000000008d200000| Untracked 
| 211|0x000000008d300000, 0x000000008d400000, 0x000000008d400000|100%| O|  |TAMS 0x000000008d400000, 0x000000008d300000| Untracked 
| 212|0x000000008d400000, 0x000000008d500000, 0x000000008d500000|100%| O|  |TAMS 0x000000008d500000, 0x000000008d400000| Untracked 
| 213|0x000000008d500000, 0x000000008d600000, 0x000000008d600000|100%| O|  |TAMS 0x000000008d600000, 0x000000008d500000| Untracked 
| 214|0x000000008d600000, 0x000000008d700000, 0x000000008d700000|100%| O|  |TAMS 0x000000008d700000, 0x000000008d600000| Untracked 
| 215|0x000000008d700000, 0x000000008d800000, 0x000000008d800000|100%| O|  |TAMS 0x000000008d800000, 0x000000008d700000| Untracked 
| 216|0x000000008d800000, 0x000000008d900000, 0x000000008d900000|100%| O|  |TAMS 0x000000008d900000, 0x000000008d800000| Untracked 
| 217|0x000000008d900000, 0x000000008da00000, 0x000000008da00000|100%| O|  |TAMS 0x000000008da00000, 0x000000008d900000| Untracked 
| 218|0x000000008da00000, 0x000000008db00000, 0x000000008db00000|100%| O|  |TAMS 0x000000008db00000, 0x000000008da00000| Untracked 
| 219|0x000000008db00000, 0x000000008dc00000, 0x000000008dc00000|100%| O|  |TAMS 0x000000008dc00000, 0x000000008db00000| Complete 
| 220|0x000000008dc00000, 0x000000008dd00000, 0x000000008dd00000|100%| O|  |TAMS 0x000000008dd00000, 0x000000008dc00000| Untracked 
| 221|0x000000008dd00000, 0x000000008de00000, 0x000000008de00000|100%| O|  |TAMS 0x000000008de00000, 0x000000008dd00000| Untracked 
| 222|0x000000008de00000, 0x000000008de00000, 0x000000008df00000|  0%| F|  |TAMS 0x000000008de00000, 0x000000008de00000| Untracked 
| 223|0x000000008df00000, 0x000000008df00000, 0x000000008e000000|  0%| F|  |TAMS 0x000000008df00000, 0x000000008df00000| Untracked 
| 224|0x000000008e000000, 0x000000008e000000, 0x000000008e100000|  0%| F|  |TAMS 0x000000008e000000, 0x000000008e000000| Untracked 
| 225|0x000000008e100000, 0x000000008e100000, 0x000000008e200000|  0%| F|  |TAMS 0x000000008e100000, 0x000000008e100000| Untracked 
| 226|0x000000008e200000, 0x000000008e200000, 0x000000008e300000|  0%| F|  |TAMS 0x000000008e200000, 0x000000008e200000| Untracked 
| 227|0x000000008e300000, 0x000000008e300000, 0x000000008e400000|  0%| F|  |TAMS 0x000000008e300000, 0x000000008e300000| Untracked 
| 228|0x000000008e400000, 0x000000008e400000, 0x000000008e500000|  0%| F|  |TAMS 0x000000008e400000, 0x000000008e400000| Untracked 
| 229|0x000000008e500000, 0x000000008e500000, 0x000000008e600000|  0%| F|  |TAMS 0x000000008e500000, 0x000000008e500000| Untracked 
| 230|0x000000008e600000, 0x000000008e600000, 0x000000008e700000|  0%| F|  |TAMS 0x000000008e600000, 0x000000008e600000| Untracked 
| 231|0x000000008e700000, 0x000000008e700000, 0x000000008e800000|  0%| F|  |TAMS 0x000000008e700000, 0x000000008e700000| Untracked 
| 232|0x000000008e800000, 0x000000008e800000, 0x000000008e900000|  0%| F|  |TAMS 0x000000008e800000, 0x000000008e800000| Untracked 
| 233|0x000000008e900000, 0x000000008e900000, 0x000000008ea00000|  0%| F|  |TAMS 0x000000008e900000, 0x000000008e900000| Untracked 
| 234|0x000000008ea00000, 0x000000008ea00000, 0x000000008eb00000|  0%| F|  |TAMS 0x000000008ea00000, 0x000000008ea00000| Untracked 
| 235|0x000000008eb00000, 0x000000008eb00000, 0x000000008ec00000|  0%| F|  |TAMS 0x000000008eb00000, 0x000000008eb00000| Untracked 
| 236|0x000000008ec00000, 0x000000008ec00000, 0x000000008ed00000|  0%| F|  |TAMS 0x000000008ec00000, 0x000000008ec00000| Untracked 
| 237|0x000000008ed00000, 0x000000008ed00000, 0x000000008ee00000|  0%| F|  |TAMS 0x000000008ed00000, 0x000000008ed00000| Untracked 
| 238|0x000000008ee00000, 0x000000008ee00000, 0x000000008ef00000|  0%| F|  |TAMS 0x000000008ee00000, 0x000000008ee00000| Untracked 
| 239|0x000000008ef00000, 0x000000008ef00000, 0x000000008f000000|  0%| F|  |TAMS 0x000000008ef00000, 0x000000008ef00000| Untracked 
| 240|0x000000008f000000, 0x000000008f000000, 0x000000008f100000|  0%| F|  |TAMS 0x000000008f000000, 0x000000008f000000| Untracked 
| 241|0x000000008f100000, 0x000000008f100000, 0x000000008f200000|  0%| F|  |TAMS 0x000000008f100000, 0x000000008f100000| Untracked 
| 242|0x000000008f200000, 0x000000008f200000, 0x000000008f300000|  0%| F|  |TAMS 0x000000008f200000, 0x000000008f200000| Untracked 
| 243|0x000000008f300000, 0x000000008f300000, 0x000000008f400000|  0%| F|  |TAMS 0x000000008f300000, 0x000000008f300000| Untracked 
| 244|0x000000008f400000, 0x000000008f400000, 0x000000008f500000|  0%| F|  |TAMS 0x000000008f400000, 0x000000008f400000| Untracked 
| 245|0x000000008f500000, 0x000000008f500000, 0x000000008f600000|  0%| F|  |TAMS 0x000000008f500000, 0x000000008f500000| Untracked 
| 246|0x000000008f600000, 0x000000008f600000, 0x000000008f700000|  0%| F|  |TAMS 0x000000008f600000, 0x000000008f600000| Untracked 
| 247|0x000000008f700000, 0x000000008f700000, 0x000000008f800000|  0%| F|  |TAMS 0x000000008f700000, 0x000000008f700000| Untracked 
| 248|0x000000008f800000, 0x000000008f800000, 0x000000008f900000|  0%| F|  |TAMS 0x000000008f800000, 0x000000008f800000| Untracked 
| 249|0x000000008f900000, 0x000000008f900000, 0x000000008fa00000|  0%| F|  |TAMS 0x000000008f900000, 0x000000008f900000| Untracked 
| 250|0x000000008fa00000, 0x000000008fa00000, 0x000000008fb00000|  0%| F|  |TAMS 0x000000008fa00000, 0x000000008fa00000| Untracked 
| 251|0x000000008fb00000, 0x000000008fb00000, 0x000000008fc00000|  0%| F|  |TAMS 0x000000008fb00000, 0x000000008fb00000| Untracked 
| 252|0x000000008fc00000, 0x000000008fc00000, 0x000000008fd00000|  0%| F|  |TAMS 0x000000008fc00000, 0x000000008fc00000| Untracked 
| 253|0x000000008fd00000, 0x000000008fd00000, 0x000000008fe00000|  0%| F|  |TAMS 0x000000008fd00000, 0x000000008fd00000| Untracked 
| 254|0x000000008fe00000, 0x000000008fe00000, 0x000000008ff00000|  0%| F|  |TAMS 0x000000008fe00000, 0x000000008fe00000| Untracked 
| 255|0x000000008ff00000, 0x000000008ff00000, 0x0000000090000000|  0%| F|  |TAMS 0x000000008ff00000, 0x000000008ff00000| Untracked 
| 256|0x0000000090000000, 0x0000000090000000, 0x0000000090100000|  0%| F|  |TAMS 0x0000000090000000, 0x0000000090000000| Untracked 
| 257|0x0000000090100000, 0x0000000090100000, 0x0000000090200000|  0%| F|  |TAMS 0x0000000090100000, 0x0000000090100000| Untracked 
| 258|0x0000000090200000, 0x0000000090200000, 0x0000000090300000|  0%| F|  |TAMS 0x0000000090200000, 0x0000000090200000| Untracked 
| 259|0x0000000090300000, 0x0000000090300000, 0x0000000090400000|  0%| F|  |TAMS 0x0000000090300000, 0x0000000090300000| Untracked 
| 260|0x0000000090400000, 0x0000000090400000, 0x0000000090500000|  0%| F|  |TAMS 0x0000000090400000, 0x0000000090400000| Untracked 
| 261|0x0000000090500000, 0x0000000090500000, 0x0000000090600000|  0%| F|  |TAMS 0x0000000090500000, 0x0000000090500000| Untracked 
| 262|0x0000000090600000, 0x0000000090600000, 0x0000000090700000|  0%| F|  |TAMS 0x0000000090600000, 0x0000000090600000| Untracked 
| 263|0x0000000090700000, 0x0000000090700000, 0x0000000090800000|  0%| F|  |TAMS 0x0000000090700000, 0x0000000090700000| Untracked 
| 264|0x0000000090800000, 0x0000000090800000, 0x0000000090900000|  0%| F|  |TAMS 0x0000000090800000, 0x0000000090800000| Untracked 
| 265|0x0000000090900000, 0x0000000090900000, 0x0000000090a00000|  0%| F|  |TAMS 0x0000000090900000, 0x0000000090900000| Untracked 
| 266|0x0000000090a00000, 0x0000000090a00000, 0x0000000090b00000|  0%| F|  |TAMS 0x0000000090a00000, 0x0000000090a00000| Untracked 
| 267|0x0000000090b00000, 0x0000000090b00000, 0x0000000090c00000|  0%| F|  |TAMS 0x0000000090b00000, 0x0000000090b00000| Untracked 
| 268|0x0000000090c00000, 0x0000000090cfe760, 0x0000000090d00000| 99%| S|CS|TAMS 0x0000000090c00000, 0x0000000090c00000| Complete 
| 269|0x0000000090d00000, 0x0000000090d00000, 0x0000000090e00000|  0%| F|  |TAMS 0x0000000090d00000, 0x0000000090d00000| Untracked 
| 270|0x0000000090e00000, 0x0000000090e00000, 0x0000000090f00000|  0%| F|  |TAMS 0x0000000090e00000, 0x0000000090e00000| Untracked 
| 271|0x0000000090f00000, 0x0000000090f00000, 0x0000000091000000|  0%| F|  |TAMS 0x0000000090f00000, 0x0000000090f00000| Untracked 
| 272|0x0000000091000000, 0x0000000091000000, 0x0000000091100000|  0%| F|  |TAMS 0x0000000091000000, 0x0000000091000000| Untracked 
| 273|0x0000000091100000, 0x0000000091100000, 0x0000000091200000|  0%| F|  |TAMS 0x0000000091100000, 0x0000000091100000| Untracked 
| 274|0x0000000091200000, 0x0000000091200000, 0x0000000091300000|  0%| F|  |TAMS 0x0000000091200000, 0x0000000091200000| Untracked 
| 275|0x0000000091300000, 0x0000000091300000, 0x0000000091400000|  0%| F|  |TAMS 0x0000000091300000, 0x0000000091300000| Untracked 
| 276|0x0000000091400000, 0x0000000091400000, 0x0000000091500000|  0%| F|  |TAMS 0x0000000091400000, 0x0000000091400000| Untracked 
| 277|0x0000000091500000, 0x0000000091600000, 0x0000000091600000|100%| S|CS|TAMS 0x0000000091500000, 0x0000000091500000| Complete 
| 278|0x0000000091600000, 0x0000000091700000, 0x0000000091700000|100%| S|CS|TAMS 0x0000000091600000, 0x0000000091600000| Complete 
| 279|0x0000000091700000, 0x0000000091800000, 0x0000000091800000|100%| S|CS|TAMS 0x0000000091700000, 0x0000000091700000| Complete 
| 280|0x0000000091800000, 0x0000000091900000, 0x0000000091900000|100%| S|CS|TAMS 0x0000000091800000, 0x0000000091800000| Complete 
| 281|0x0000000091900000, 0x0000000091a00000, 0x0000000091a00000|100%| S|CS|TAMS 0x0000000091900000, 0x0000000091900000| Complete 
| 282|0x0000000091a00000, 0x0000000091b00000, 0x0000000091b00000|100%| S|CS|TAMS 0x0000000091a00000, 0x0000000091a00000| Complete 
| 283|0x0000000091b00000, 0x0000000091c00000, 0x0000000091c00000|100%| S|CS|TAMS 0x0000000091b00000, 0x0000000091b00000| Complete 
| 284|0x0000000091c00000, 0x0000000091c00000, 0x0000000091d00000|  0%| F|  |TAMS 0x0000000091c00000, 0x0000000091c00000| Untracked 
| 285|0x0000000091d00000, 0x0000000091d00000, 0x0000000091e00000|  0%| F|  |TAMS 0x0000000091d00000, 0x0000000091d00000| Untracked 
| 286|0x0000000091e00000, 0x0000000091e00000, 0x0000000091f00000|  0%| F|  |TAMS 0x0000000091e00000, 0x0000000091e00000| Untracked 
| 287|0x0000000091f00000, 0x0000000091f00000, 0x0000000092000000|  0%| F|  |TAMS 0x0000000091f00000, 0x0000000091f00000| Untracked 
| 288|0x0000000092000000, 0x0000000092000000, 0x0000000092100000|  0%| F|  |TAMS 0x0000000092000000, 0x0000000092000000| Untracked 
| 289|0x0000000092100000, 0x0000000092100000, 0x0000000092200000|  0%| F|  |TAMS 0x0000000092100000, 0x0000000092100000| Untracked 
| 290|0x0000000092200000, 0x0000000092200000, 0x0000000092300000|  0%| F|  |TAMS 0x0000000092200000, 0x0000000092200000| Untracked 
| 291|0x0000000092300000, 0x0000000092300000, 0x0000000092400000|  0%| F|  |TAMS 0x0000000092300000, 0x0000000092300000| Untracked 
| 292|0x0000000092400000, 0x0000000092400000, 0x0000000092500000|  0%| F|  |TAMS 0x0000000092400000, 0x0000000092400000| Untracked 
| 293|0x0000000092500000, 0x0000000092500000, 0x0000000092600000|  0%| F|  |TAMS 0x0000000092500000, 0x0000000092500000| Untracked 
| 294|0x0000000092600000, 0x0000000092600000, 0x0000000092700000|  0%| F|  |TAMS 0x0000000092600000, 0x0000000092600000| Untracked 
| 295|0x0000000092700000, 0x0000000092700000, 0x0000000092800000|  0%| F|  |TAMS 0x0000000092700000, 0x0000000092700000| Untracked 
| 296|0x0000000092800000, 0x0000000092800000, 0x0000000092900000|  0%| F|  |TAMS 0x0000000092800000, 0x0000000092800000| Untracked 
| 297|0x0000000092900000, 0x0000000092900000, 0x0000000092a00000|  0%| F|  |TAMS 0x0000000092900000, 0x0000000092900000| Untracked 
| 298|0x0000000092a00000, 0x0000000092a00000, 0x0000000092b00000|  0%| F|  |TAMS 0x0000000092a00000, 0x0000000092a00000| Untracked 
| 299|0x0000000092b00000, 0x0000000092b00000, 0x0000000092c00000|  0%| F|  |TAMS 0x0000000092b00000, 0x0000000092b00000| Untracked 
| 300|0x0000000092c00000, 0x0000000092c00000, 0x0000000092d00000|  0%| F|  |TAMS 0x0000000092c00000, 0x0000000092c00000| Untracked 
| 301|0x0000000092d00000, 0x0000000092d00000, 0x0000000092e00000|  0%| F|  |TAMS 0x0000000092d00000, 0x0000000092d00000| Untracked 
| 302|0x0000000092e00000, 0x0000000092e00000, 0x0000000092f00000|  0%| F|  |TAMS 0x0000000092e00000, 0x0000000092e00000| Untracked 
| 303|0x0000000092f00000, 0x0000000092f00000, 0x0000000093000000|  0%| F|  |TAMS 0x0000000092f00000, 0x0000000092f00000| Untracked 
| 304|0x0000000093000000, 0x0000000093000000, 0x0000000093100000|  0%| F|  |TAMS 0x0000000093000000, 0x0000000093000000| Untracked 
| 305|0x0000000093100000, 0x0000000093100000, 0x0000000093200000|  0%| F|  |TAMS 0x0000000093100000, 0x0000000093100000| Untracked 
| 306|0x0000000093200000, 0x0000000093200000, 0x0000000093300000|  0%| F|  |TAMS 0x0000000093200000, 0x0000000093200000| Untracked 
| 307|0x0000000093300000, 0x0000000093300000, 0x0000000093400000|  0%| F|  |TAMS 0x0000000093300000, 0x0000000093300000| Untracked 
| 308|0x0000000093400000, 0x0000000093400000, 0x0000000093500000|  0%| F|  |TAMS 0x0000000093400000, 0x0000000093400000| Untracked 
| 309|0x0000000093500000, 0x0000000093500000, 0x0000000093600000|  0%| F|  |TAMS 0x0000000093500000, 0x0000000093500000| Untracked 
| 310|0x0000000093600000, 0x0000000093600000, 0x0000000093700000|  0%| F|  |TAMS 0x0000000093600000, 0x0000000093600000| Untracked 
| 311|0x0000000093700000, 0x0000000093700000, 0x0000000093800000|  0%| F|  |TAMS 0x0000000093700000, 0x0000000093700000| Untracked 
| 312|0x0000000093800000, 0x0000000093800000, 0x0000000093900000|  0%| F|  |TAMS 0x0000000093800000, 0x0000000093800000| Untracked 
| 313|0x0000000093900000, 0x0000000093900000, 0x0000000093a00000|  0%| F|  |TAMS 0x0000000093900000, 0x0000000093900000| Untracked 
| 314|0x0000000093a00000, 0x0000000093a00000, 0x0000000093b00000|  0%| F|  |TAMS 0x0000000093a00000, 0x0000000093a00000| Untracked 
| 315|0x0000000093b00000, 0x0000000093b00000, 0x0000000093c00000|  0%| F|  |TAMS 0x0000000093b00000, 0x0000000093b00000| Untracked 
| 316|0x0000000093c00000, 0x0000000093c00000, 0x0000000093d00000|  0%| F|  |TAMS 0x0000000093c00000, 0x0000000093c00000| Untracked 
| 317|0x0000000093d00000, 0x0000000093d00000, 0x0000000093e00000|  0%| F|  |TAMS 0x0000000093d00000, 0x0000000093d00000| Untracked 
| 318|0x0000000093e00000, 0x0000000093e00000, 0x0000000093f00000|  0%| F|  |TAMS 0x0000000093e00000, 0x0000000093e00000| Untracked 
| 319|0x0000000093f00000, 0x0000000093f00000, 0x0000000094000000|  0%| F|  |TAMS 0x0000000093f00000, 0x0000000093f00000| Untracked 
| 320|0x0000000094000000, 0x0000000094000000, 0x0000000094100000|  0%| F|  |TAMS 0x0000000094000000, 0x0000000094000000| Untracked 
| 321|0x0000000094100000, 0x0000000094100000, 0x0000000094200000|  0%| F|  |TAMS 0x0000000094100000, 0x0000000094100000| Untracked 
| 322|0x0000000094200000, 0x0000000094200000, 0x0000000094300000|  0%| F|  |TAMS 0x0000000094200000, 0x0000000094200000| Untracked 
| 323|0x0000000094300000, 0x0000000094300000, 0x0000000094400000|  0%| F|  |TAMS 0x0000000094300000, 0x0000000094300000| Untracked 
| 324|0x0000000094400000, 0x0000000094400000, 0x0000000094500000|  0%| F|  |TAMS 0x0000000094400000, 0x0000000094400000| Untracked 
| 325|0x0000000094500000, 0x0000000094500000, 0x0000000094600000|  0%| F|  |TAMS 0x0000000094500000, 0x0000000094500000| Untracked 
| 326|0x0000000094600000, 0x0000000094600000, 0x0000000094700000|  0%| F|  |TAMS 0x0000000094600000, 0x0000000094600000| Untracked 
| 327|0x0000000094700000, 0x0000000094700000, 0x0000000094800000|  0%| F|  |TAMS 0x0000000094700000, 0x0000000094700000| Untracked 
| 328|0x0000000094800000, 0x0000000094800000, 0x0000000094900000|  0%| F|  |TAMS 0x0000000094800000, 0x0000000094800000| Untracked 
| 329|0x0000000094900000, 0x0000000094900000, 0x0000000094a00000|  0%| F|  |TAMS 0x0000000094900000, 0x0000000094900000| Untracked 
| 330|0x0000000094a00000, 0x0000000094a00000, 0x0000000094b00000|  0%| F|  |TAMS 0x0000000094a00000, 0x0000000094a00000| Untracked 
| 331|0x0000000094b00000, 0x0000000094b00000, 0x0000000094c00000|  0%| F|  |TAMS 0x0000000094b00000, 0x0000000094b00000| Untracked 
| 332|0x0000000094c00000, 0x0000000094c00000, 0x0000000094d00000|  0%| F|  |TAMS 0x0000000094c00000, 0x0000000094c00000| Untracked 
| 333|0x0000000094d00000, 0x0000000094d00000, 0x0000000094e00000|  0%| F|  |TAMS 0x0000000094d00000, 0x0000000094d00000| Untracked 
| 334|0x0000000094e00000, 0x0000000094e00000, 0x0000000094f00000|  0%| F|  |TAMS 0x0000000094e00000, 0x0000000094e00000| Untracked 
| 335|0x0000000094f00000, 0x0000000094f00000, 0x0000000095000000|  0%| F|  |TAMS 0x0000000094f00000, 0x0000000094f00000| Untracked 
| 336|0x0000000095000000, 0x0000000095000000, 0x0000000095100000|  0%| F|  |TAMS 0x0000000095000000, 0x0000000095000000| Untracked 
| 337|0x0000000095100000, 0x0000000095100000, 0x0000000095200000|  0%| F|  |TAMS 0x0000000095100000, 0x0000000095100000| Untracked 
| 338|0x0000000095200000, 0x0000000095200000, 0x0000000095300000|  0%| F|  |TAMS 0x0000000095200000, 0x0000000095200000| Untracked 
| 339|0x0000000095300000, 0x0000000095300000, 0x0000000095400000|  0%| F|  |TAMS 0x0000000095300000, 0x0000000095300000| Untracked 
| 340|0x0000000095400000, 0x0000000095400000, 0x0000000095500000|  0%| F|  |TAMS 0x0000000095400000, 0x0000000095400000| Untracked 
| 341|0x0000000095500000, 0x0000000095500000, 0x0000000095600000|  0%| F|  |TAMS 0x0000000095500000, 0x0000000095500000| Untracked 
| 342|0x0000000095600000, 0x0000000095600000, 0x0000000095700000|  0%| F|  |TAMS 0x0000000095600000, 0x0000000095600000| Untracked 
| 343|0x0000000095700000, 0x0000000095700000, 0x0000000095800000|  0%| F|  |TAMS 0x0000000095700000, 0x0000000095700000| Untracked 
| 344|0x0000000095800000, 0x0000000095800000, 0x0000000095900000|  0%| F|  |TAMS 0x0000000095800000, 0x0000000095800000| Untracked 
| 345|0x0000000095900000, 0x0000000095900000, 0x0000000095a00000|  0%| F|  |TAMS 0x0000000095900000, 0x0000000095900000| Untracked 
| 346|0x0000000095a00000, 0x0000000095a00000, 0x0000000095b00000|  0%| F|  |TAMS 0x0000000095a00000, 0x0000000095a00000| Untracked 
| 347|0x0000000095b00000, 0x0000000095b00000, 0x0000000095c00000|  0%| F|  |TAMS 0x0000000095b00000, 0x0000000095b00000| Untracked 
| 348|0x0000000095c00000, 0x0000000095c00000, 0x0000000095d00000|  0%| F|  |TAMS 0x0000000095c00000, 0x0000000095c00000| Untracked 
| 349|0x0000000095d00000, 0x0000000095d00000, 0x0000000095e00000|  0%| F|  |TAMS 0x0000000095d00000, 0x0000000095d00000| Untracked 
| 350|0x0000000095e00000, 0x0000000095e00000, 0x0000000095f00000|  0%| F|  |TAMS 0x0000000095e00000, 0x0000000095e00000| Untracked 
| 351|0x0000000095f00000, 0x0000000095f00000, 0x0000000096000000|  0%| F|  |TAMS 0x0000000095f00000, 0x0000000095f00000| Untracked 
| 352|0x0000000096000000, 0x0000000096000000, 0x0000000096100000|  0%| F|  |TAMS 0x0000000096000000, 0x0000000096000000| Untracked 
| 353|0x0000000096100000, 0x0000000096100000, 0x0000000096200000|  0%| F|  |TAMS 0x0000000096100000, 0x0000000096100000| Untracked 
| 354|0x0000000096200000, 0x0000000096200000, 0x0000000096300000|  0%| F|  |TAMS 0x0000000096200000, 0x0000000096200000| Untracked 
| 355|0x0000000096300000, 0x0000000096300000, 0x0000000096400000|  0%| F|  |TAMS 0x0000000096300000, 0x0000000096300000| Untracked 
| 356|0x0000000096400000, 0x0000000096400000, 0x0000000096500000|  0%| F|  |TAMS 0x0000000096400000, 0x0000000096400000| Untracked 
| 357|0x0000000096500000, 0x0000000096500000, 0x0000000096600000|  0%| F|  |TAMS 0x0000000096500000, 0x0000000096500000| Untracked 
| 358|0x0000000096600000, 0x0000000096600000, 0x0000000096700000|  0%| F|  |TAMS 0x0000000096600000, 0x0000000096600000| Untracked 
| 359|0x0000000096700000, 0x0000000096700000, 0x0000000096800000|  0%| F|  |TAMS 0x0000000096700000, 0x0000000096700000| Untracked 
| 360|0x0000000096800000, 0x0000000096800000, 0x0000000096900000|  0%| F|  |TAMS 0x0000000096800000, 0x0000000096800000| Untracked 
| 361|0x0000000096900000, 0x0000000096900000, 0x0000000096a00000|  0%| F|  |TAMS 0x0000000096900000, 0x0000000096900000| Untracked 
| 362|0x0000000096a00000, 0x0000000096a00000, 0x0000000096b00000|  0%| F|  |TAMS 0x0000000096a00000, 0x0000000096a00000| Untracked 
| 363|0x0000000096b00000, 0x0000000096b00000, 0x0000000096c00000|  0%| F|  |TAMS 0x0000000096b00000, 0x0000000096b00000| Untracked 
| 364|0x0000000096c00000, 0x0000000096c00000, 0x0000000096d00000|  0%| F|  |TAMS 0x0000000096c00000, 0x0000000096c00000| Untracked 
| 365|0x0000000096d00000, 0x0000000096d00000, 0x0000000096e00000|  0%| F|  |TAMS 0x0000000096d00000, 0x0000000096d00000| Untracked 
| 366|0x0000000096e00000, 0x0000000096e00000, 0x0000000096f00000|  0%| F|  |TAMS 0x0000000096e00000, 0x0000000096e00000| Untracked 
| 367|0x0000000096f00000, 0x0000000096f00000, 0x0000000097000000|  0%| F|  |TAMS 0x0000000096f00000, 0x0000000096f00000| Untracked 
| 368|0x0000000097000000, 0x0000000097000000, 0x0000000097100000|  0%| F|  |TAMS 0x0000000097000000, 0x0000000097000000| Untracked 
| 369|0x0000000097100000, 0x0000000097100000, 0x0000000097200000|  0%| F|  |TAMS 0x0000000097100000, 0x0000000097100000| Untracked 
| 370|0x0000000097200000, 0x0000000097200000, 0x0000000097300000|  0%| F|  |TAMS 0x0000000097200000, 0x0000000097200000| Untracked 
| 371|0x0000000097300000, 0x0000000097300000, 0x0000000097400000|  0%| F|  |TAMS 0x0000000097300000, 0x0000000097300000| Untracked 
| 372|0x0000000097400000, 0x0000000097400000, 0x0000000097500000|  0%| F|  |TAMS 0x0000000097400000, 0x0000000097400000| Untracked 
| 373|0x0000000097500000, 0x0000000097500000, 0x0000000097600000|  0%| F|  |TAMS 0x0000000097500000, 0x0000000097500000| Untracked 
| 374|0x0000000097600000, 0x0000000097600000, 0x0000000097700000|  0%| F|  |TAMS 0x0000000097600000, 0x0000000097600000| Untracked 
| 375|0x0000000097700000, 0x0000000097700000, 0x0000000097800000|  0%| F|  |TAMS 0x0000000097700000, 0x0000000097700000| Untracked 
| 376|0x0000000097800000, 0x0000000097900000, 0x0000000097900000|100%| E|CS|TAMS 0x0000000097800000, 0x0000000097800000| Complete 
| 377|0x0000000097900000, 0x0000000097a00000, 0x0000000097a00000|100%| E|CS|TAMS 0x0000000097900000, 0x0000000097900000| Complete 
| 378|0x0000000097a00000, 0x0000000097a00000, 0x0000000097b00000|  0%| F|  |TAMS 0x0000000097a00000, 0x0000000097a00000| Untracked 
| 379|0x0000000097b00000, 0x0000000097b00000, 0x0000000097c00000|  0%| F|  |TAMS 0x0000000097b00000, 0x0000000097b00000| Untracked 
| 380|0x0000000097c00000, 0x0000000097c7c9c8, 0x0000000097d00000| 48%| E|  |TAMS 0x0000000097c00000, 0x0000000097c00000| Complete 
| 381|0x0000000097d00000, 0x0000000097e00000, 0x0000000097e00000|100%| E|CS|TAMS 0x0000000097d00000, 0x0000000097d00000| Complete 
| 382|0x0000000097e00000, 0x0000000097f00000, 0x0000000097f00000|100%| E|CS|TAMS 0x0000000097e00000, 0x0000000097e00000| Complete 
| 383|0x0000000097f00000, 0x0000000098000000, 0x0000000098000000|100%| E|CS|TAMS 0x0000000097f00000, 0x0000000097f00000| Complete 

Card table byte_map: [0x000001422be00000,0x000001422c200000] _byte_map_base: 0x000001422ba00000

Marking Bits (Prev, Next): (CMBitMap*) 0x0000014214269880, (CMBitMap*) 0x00000142142698c0
 Prev Bits: [0x000001422c600000, 0x000001422e600000)
 Next Bits: [0x000001422e600000, 0x0000014230600000)

Polling page: 0x00000142129f0000

Metaspace:

Usage:
  Non-class:    122.86 MB used.
      Class:     18.55 MB used.
       Both:    141.41 MB used.

Virtual space:
  Non-class space:      128.00 MB reserved,     123.44 MB ( 96%) committed,  2 nodes.
      Class space:        1.00 GB reserved,      19.12 MB (  2%) committed,  1 nodes.
             Both:        1.12 GB reserved,     142.56 MB ( 12%) committed. 

Chunk freelists:
   Non-Class:  4.08 MB
       Class:  12.72 MB
        Both:  16.80 MB

MaxMetaspaceSize: unlimited
CompressedClassSpaceSize: 1.00 GB
Initial GC threshold: 21.00 MB
Current GC threshold: 236.88 MB
CDS: on
MetaspaceReclaimPolicy: balanced
 - commit_granule_bytes: 65536.
 - commit_granule_words: 8192.
 - virtual_space_node_default_size: 8388608.
 - enlarge_chunks_in_place: 1.
 - new_chunks_are_fully_committed: 0.
 - uncommit_free_chunks: 1.
 - use_allocation_guard: 0.
 - handle_deallocations: 1.


Internal statistics:

num_allocs_failed_limit: 6.
num_arena_births: 1690.
num_arena_deaths: 0.
num_vsnodes_births: 3.
num_vsnodes_deaths: 0.
num_space_committed: 2279.
num_space_uncommitted: 0.
num_chunks_returned_to_freelist: 6.
num_chunks_taken_from_freelist: 7634.
num_chunk_merges: 6.
num_chunk_splits: 5321.
num_chunks_enlarged: 3771.
num_inconsistent_stats: 0.

CodeHeap 'non-profiled nmethods': size=120000Kb used=10363Kb max_used=10363Kb free=109636Kb
 bounds [0x0000014223850000, 0x0000014224270000, 0x000001422ad80000]
CodeHeap 'profiled nmethods': size=120000Kb used=32699Kb max_used=32699Kb free=87300Kb
 bounds [0x000001421bd80000, 0x000001421dd70000, 0x00000142232b0000]
CodeHeap 'non-nmethods': size=5760Kb used=2572Kb max_used=2632Kb free=3187Kb
 bounds [0x00000142232b0000, 0x0000014223560000, 0x0000014223850000]
 total_blobs=16538 nmethods=15400 adapters=1046
 compilation: enabled
              stopped_count=0, restarted_count=0
 full_count=0

Compilation events (20 events):
Event: 309.860 Thread 0x000001423346f290 nmethod 17556 0x0000014224269a10 code [0x0000014224269c20, 0x000001422426a230]
Event: 309.860 Thread 0x000001423346f290 17558       4       java.lang.invoke.InvokerBytecodeGenerator::emitLoadInsn (21 bytes)
Event: 309.862 Thread 0x000001423346f290 nmethod 17558 0x000001422426aa10 code [0x000001422426aba0, 0x000001422426ad48]
Event: 315.078 Thread 0x000001423346f290 17559       4       java.io.DataInputStream::readUTF (501 bytes)
Event: 315.108 Thread 0x000001423346f290 nmethod 17559 0x000001422426af10 code [0x000001422426b120, 0x000001422426c658]
Event: 321.821 Thread 0x000001423346f290 17560   !   4       java.util.concurrent.LinkedBlockingQueue::poll (128 bytes)
Event: 321.848 Thread 0x000001423346f290 nmethod 17560 0x000001422426cf90 code [0x000001422426d1a0, 0x000001422426dd10]
Event: 321.878 Thread 0x000001423346f290 17561       4       org.gradle.launcher.daemon.server.exec.DaemonConnectionBackedEventConsumer$ForwardEvents::moreMessagesToSend (35 bytes)
Event: 321.880 Thread 0x000001423346f290 nmethod 17561 0x000001422426e690 code [0x000001422426e820, 0x000001422426e938]
Event: 321.901 Thread 0x000001423346f290 17562   !   4       org.gradle.launcher.daemon.server.exec.DaemonConnectionBackedEventConsumer$ForwardEvents::getNextEvent (27 bytes)
Event: 321.902 Thread 0x000001423346f290 nmethod 17562 0x000001422426ea90 code [0x000001422426ec20, 0x000001422426ed28]
Event: 325.101 Thread 0x0000014233472400 17563       3       sun.nio.ch.FileDispatcherImpl::<init> (5 bytes)
Event: 325.102 Thread 0x0000014233472400 nmethod 17563 0x000001421dd6a890 code [0x000001421dd6aa40, 0x000001421dd6ac78]
Event: 325.102 Thread 0x0000014233472400 17564       3       sun.nio.ch.FileDispatcher::<init> (5 bytes)
Event: 325.102 Thread 0x0000014233472400 nmethod 17564 0x000001421dd6ad90 code [0x000001421dd6af40, 0x000001421dd6b0f8]
Event: 328.151 Thread 0x0000014233472400 17565       3       org.gradle.internal.logging.slf4j.OutputEventListenerBackedLogger::debug (7 bytes)
Event: 328.152 Thread 0x0000014233472400 nmethod 17565 0x000001421dd6b210 code [0x000001421dd6b3a0, 0x000001421dd6b4e8]
Event: 328.152 Thread 0x0000014233472400 17566       3       org.gradle.internal.logging.slf4j.BuildOperationAwareLogger::debug (18 bytes)
Event: 328.152 Thread 0x0000014233472400 nmethod 17566 0x000001421dd6b590 code [0x000001421dd6b760, 0x000001421dd6ba98]
Event: 332.850 Thread 0x000001423346f290 17567   !   4       java.util.concurrent.locks.AbstractQueuedSynchronizer::acquire (407 bytes)

GC Heap History (20 events):
Event: 43.384 GC heap before
{Heap before GC invocations=41 (full 0):
 garbage-first heap   total 387072K, used 332498K [0x0000000080000000, 0x0000000100000000)
  region size 1024K, 139 young (142336K), 5 survivors (5120K)
 Metaspace       used 131598K, committed 132416K, reserved 1179648K
  class space    used 17337K, committed 17728K, reserved 1048576K
}
Event: 43.403 GC heap after
{Heap after GC invocations=42 (full 0):
 garbage-first heap   total 387072K, used 207274K [0x0000000080000000, 0x0000000100000000)
  region size 1024K, 16 young (16384K), 16 survivors (16384K)
 Metaspace       used 131598K, committed 132416K, reserved 1179648K
  class space    used 17337K, committed 17728K, reserved 1048576K
}
Event: 43.463 GC heap before
{Heap before GC invocations=42 (full 0):
 garbage-first heap   total 387072K, used 209322K [0x0000000080000000, 0x0000000100000000)
  region size 1024K, 18 young (18432K), 16 survivors (16384K)
 Metaspace       used 131747K, committed 132544K, reserved 1179648K
  class space    used 17353K, committed 17728K, reserved 1048576K
}
Event: 43.477 GC heap after
{Heap after GC invocations=43 (full 0):
 garbage-first heap   total 387072K, used 203643K [0x0000000080000000, 0x0000000100000000)
  region size 1024K, 2 young (2048K), 2 survivors (2048K)
 Metaspace       used 131747K, committed 132544K, reserved 1179648K
  class space    used 17353K, committed 17728K, reserved 1048576K
}
Event: 46.575 GC heap before
{Heap before GC invocations=43 (full 0):
 garbage-first heap   total 387072K, used 310139K [0x0000000080000000, 0x0000000100000000)
  region size 1024K, 107 young (109568K), 2 survivors (2048K)
 Metaspace       used 132416K, committed 133248K, reserved 1179648K
  class space    used 17438K, committed 17856K, reserved 1048576K
}
Event: 46.586 GC heap after
{Heap after GC invocations=44 (full 0):
 garbage-first heap   total 387072K, used 209827K [0x0000000080000000, 0x0000000100000000)
  region size 1024K, 8 young (8192K), 8 survivors (8192K)
 Metaspace       used 132416K, committed 133248K, reserved 1179648K
  class space    used 17438K, committed 17856K, reserved 1048576K
}
Event: 51.216 GC heap before
{Heap before GC invocations=44 (full 0):
 garbage-first heap   total 387072K, used 315299K [0x0000000080000000, 0x0000000100000000)
  region size 1024K, 111 young (113664K), 8 survivors (8192K)
 Metaspace       used 132419K, committed 133312K, reserved 1179648K
  class space    used 17438K, committed 17856K, reserved 1048576K
}
Event: 51.227 GC heap after
{Heap after GC invocations=45 (full 0):
 garbage-first heap   total 387072K, used 215268K [0x0000000080000000, 0x0000000100000000)
  region size 1024K, 9 young (9216K), 9 survivors (9216K)
 Metaspace       used 132419K, committed 133312K, reserved 1179648K
  class space    used 17438K, committed 17856K, reserved 1048576K
}
Event: 54.634 GC heap before
{Heap before GC invocations=45 (full 0):
 garbage-first heap   total 387072K, used 316644K [0x0000000080000000, 0x0000000100000000)
  region size 1024K, 108 young (110592K), 9 survivors (9216K)
 Metaspace       used 132420K, committed 133312K, reserved 1179648K
  class space    used 17438K, committed 17856K, reserved 1048576K
}
Event: 54.646 GC heap after
{Heap after GC invocations=46 (full 0):
 garbage-first heap   total 387072K, used 220003K [0x0000000080000000, 0x0000000100000000)
  region size 1024K, 8 young (8192K), 8 survivors (8192K)
 Metaspace       used 132420K, committed 133312K, reserved 1179648K
  class space    used 17438K, committed 17856K, reserved 1048576K
}
Event: 56.909 GC heap before
{Heap before GC invocations=47 (full 0):
 garbage-first heap   total 387072K, used 319331K [0x0000000080000000, 0x0000000100000000)
  region size 1024K, 106 young (108544K), 8 survivors (8192K)
 Metaspace       used 132420K, committed 133312K, reserved 1179648K
  class space    used 17438K, committed 17856K, reserved 1048576K
}
Event: 56.922 GC heap after
{Heap after GC invocations=48 (full 0):
 garbage-first heap   total 387072K, used 224350K [0x0000000080000000, 0x0000000100000000)
  region size 1024K, 13 young (13312K), 13 survivors (13312K)
 Metaspace       used 132420K, committed 133312K, reserved 1179648K
  class space    used 17438K, committed 17856K, reserved 1048576K
}
Event: 57.017 GC heap before
{Heap before GC invocations=48 (full 0):
 garbage-first heap   total 387072K, used 229470K [0x0000000080000000, 0x0000000100000000)
  region size 1024K, 18 young (18432K), 13 survivors (13312K)
 Metaspace       used 132420K, committed 133312K, reserved 1179648K
  class space    used 17438K, committed 17856K, reserved 1048576K
}
Event: 57.030 GC heap after
{Heap after GC invocations=49 (full 0):
 garbage-first heap   total 387072K, used 209366K [0x0000000080000000, 0x0000000100000000)
  region size 1024K, 3 young (3072K), 3 survivors (3072K)
 Metaspace       used 132420K, committed 133312K, reserved 1179648K
  class space    used 17438K, committed 17856K, reserved 1048576K
}
Event: 60.217 GC heap before
{Heap before GC invocations=49 (full 0):
 garbage-first heap   total 387072K, used 318934K [0x0000000080000000, 0x0000000100000000)
  region size 1024K, 109 young (111616K), 3 survivors (3072K)
 Metaspace       used 137218K, committed 138176K, reserved 1179648K
  class space    used 17924K, committed 18432K, reserved 1048576K
}
Event: 60.227 GC heap after
{Heap after GC invocations=50 (full 0):
 garbage-first heap   total 387072K, used 216384K [0x0000000080000000, 0x0000000100000000)
  region size 1024K, 10 young (10240K), 10 survivors (10240K)
 Metaspace       used 137218K, committed 138176K, reserved 1179648K
  class space    used 17924K, committed 18432K, reserved 1048576K
}
Event: 120.963 GC heap before
{Heap before GC invocations=50 (full 0):
 garbage-first heap   total 387072K, used 319808K [0x0000000080000000, 0x0000000100000000)
  region size 1024K, 111 young (113664K), 10 survivors (10240K)
 Metaspace       used 140649K, committed 141696K, reserved 1179648K
  class space    used 18379K, committed 18880K, reserved 1048576K
}
Event: 120.978 GC heap after
{Heap after GC invocations=51 (full 0):
 garbage-first heap   total 387072K, used 225045K [0x0000000080000000, 0x0000000100000000)
  region size 1024K, 9 young (9216K), 9 survivors (9216K)
 Metaspace       used 140649K, committed 141696K, reserved 1179648K
  class space    used 18379K, committed 18880K, reserved 1048576K
}
Event: 308.999 GC heap before
{Heap before GC invocations=51 (full 0):
 garbage-first heap   total 387072K, used 320277K [0x0000000080000000, 0x0000000100000000)
  region size 1024K, 103 young (105472K), 9 survivors (9216K)
 Metaspace       used 143851K, committed 144960K, reserved 1179648K
  class space    used 18850K, committed 19392K, reserved 1048576K
}
Event: 309.023 GC heap after
{Heap after GC invocations=52 (full 0):
 garbage-first heap   total 387072K, used 232887K [0x0000000080000000, 0x0000000100000000)
  region size 1024K, 8 young (8192K), 8 survivors (8192K)
 Metaspace       used 143851K, committed 144960K, reserved 1179648K
  class space    used 18850K, committed 19392K, reserved 1048576K
}

Dll operation events (16 events):
Event: 0.022 Loaded shared library C:\Users\busi4\.jdks\corretto-17.0.9\bin\java.dll
Event: 0.072 Loaded shared library C:\Users\busi4\.jdks\corretto-17.0.9\bin\jsvml.dll
Event: 0.159 Loaded shared library C:\Users\busi4\.jdks\corretto-17.0.9\bin\zip.dll
Event: 0.163 Loaded shared library C:\Users\busi4\.jdks\corretto-17.0.9\bin\instrument.dll
Event: 0.173 Loaded shared library C:\Users\busi4\.jdks\corretto-17.0.9\bin\net.dll
Event: 0.178 Loaded shared library C:\Users\busi4\.jdks\corretto-17.0.9\bin\nio.dll
Event: 0.193 Loaded shared library C:\Users\busi4\.jdks\corretto-17.0.9\bin\zip.dll
Event: 0.868 Loaded shared library C:\Users\busi4\.jdks\corretto-17.0.9\bin\jimage.dll
Event: 1.073 Loaded shared library C:\Users\busi4\.jdks\corretto-17.0.9\bin\verify.dll
Event: 1.621 Loaded shared library C:\Users\busi4\.gradle\native\c067742578af261105cb4f569cf0c3c89f3d7b1fecec35dd04571415982c5e48\windows-amd64\native-platform.dll
Event: 1.635 Loaded shared library C:\Users\busi4\.gradle\native\38dada09dfb8b06ba9b0570ebf7e218e3eb74d4ef43ca46872605cf95ebc2f47\windows-amd64\native-platform-file-events.dll
Event: 4.164 Loaded shared library C:\Users\busi4\.jdks\corretto-17.0.9\bin\management.dll
Event: 4.171 Loaded shared library C:\Users\busi4\.jdks\corretto-17.0.9\bin\management_ext.dll
Event: 5.111 Loaded shared library C:\Users\busi4\.jdks\corretto-17.0.9\bin\sunmscapi.dll
Event: 122.006 Loaded shared library C:\Users\busi4\AppData\Local\Temp\native-platform1652147636696609438dir\native-platform.dll
Event: 309.176 Loaded shared library C:\Users\busi4\.jdks\corretto-17.0.9\bin\rmi.dll

Deoptimization events (20 events):
Event: 309.184 Thread 0x000001427929da30 Uncommon trap: trap_request=0xffffffde fr.pc=0x00000142241df678 relative=0x00000000000058f8
Event: 309.184 Thread 0x000001427929da30 Uncommon trap: reason=class_check action=maybe_recompile pc=0x00000142241df678 method=java.io.ObjectOutputStream.writeObject0(Ljava/lang/Object;Z)V @ 240 c2
Event: 309.184 Thread 0x000001427929da30 DEOPT PACKING pc=0x00000142241df678 sp=0x0000003d85ffcad0
Event: 309.184 Thread 0x000001427929da30 DEOPT UNPACKING pc=0x00000142233069a3 sp=0x0000003d85ffcaf8 mode 2
Event: 309.201 Thread 0x000001427929da30 Uncommon trap: trap_request=0xffffffde fr.pc=0x0000014223d5a8cc relative=0x000000000000014c
Event: 309.201 Thread 0x000001427929da30 Uncommon trap: reason=class_check action=maybe_recompile pc=0x0000014223d5a8cc method=java.lang.reflect.Array.newInstance(Ljava/lang/Class;I)Ljava/lang/Object; @ 2 c2
Event: 309.201 Thread 0x000001427929da30 DEOPT PACKING pc=0x0000014223d5a8cc sp=0x0000003d85ffc310
Event: 309.201 Thread 0x000001427929da30 DEOPT UNPACKING pc=0x00000142233069a3 sp=0x0000003d85ffc2a8 mode 2
Event: 309.353 Thread 0x000001427929ee70 Uncommon trap: trap_request=0xffffffde fr.pc=0x0000014223d5a8cc relative=0x000000000000014c
Event: 309.353 Thread 0x000001427929ee70 Uncommon trap: reason=class_check action=maybe_recompile pc=0x0000014223d5a8cc method=java.lang.reflect.Array.newInstance(Ljava/lang/Class;I)Ljava/lang/Object; @ 2 c2
Event: 309.353 Thread 0x000001427929ee70 DEOPT PACKING pc=0x0000014223d5a8cc sp=0x0000003d863fe1e0
Event: 309.353 Thread 0x000001427929ee70 DEOPT UNPACKING pc=0x00000142233069a3 sp=0x0000003d863fe178 mode 2
Event: 309.354 Thread 0x000001427929ee70 Uncommon trap: trap_request=0xffffffde fr.pc=0x000001422403800c relative=0x000000000000084c
Event: 309.354 Thread 0x000001427929ee70 Uncommon trap: reason=class_check action=maybe_recompile pc=0x000001422403800c method=java.util.Hashtable.put(Ljava/lang/Object;Ljava/lang/Object;)Ljava/lang/Object; @ 18 c2
Event: 309.354 Thread 0x000001427929ee70 DEOPT PACKING pc=0x000001422403800c sp=0x0000003d863fecf0
Event: 309.354 Thread 0x000001427929ee70 DEOPT UNPACKING pc=0x00000142233069a3 sp=0x0000003d863fecb8 mode 2
Event: 309.354 Thread 0x000001427929ee70 Uncommon trap: trap_request=0xffffffde fr.pc=0x000001422403800c relative=0x000000000000084c
Event: 309.354 Thread 0x000001427929ee70 Uncommon trap: reason=class_check action=maybe_recompile pc=0x000001422403800c method=java.util.Hashtable.put(Ljava/lang/Object;Ljava/lang/Object;)Ljava/lang/Object; @ 18 c2
Event: 309.354 Thread 0x000001427929ee70 DEOPT PACKING pc=0x000001422403800c sp=0x0000003d863fecf0
Event: 309.354 Thread 0x000001427929ee70 DEOPT UNPACKING pc=0x00000142233069a3 sp=0x0000003d863fecb8 mode 2

Classes unloaded (0 events):
No events

Classes redefined (0 events):
No events

Internal exceptions (20 events):
Event: 128.991 Thread 0x000001427c175130 Exception <a 'sun/nio/fs/WindowsException'{0x0000000094a050f0}> (0x0000000094a050f0) 
thrown [s\src\hotspot\share\prims\jni.cpp, line 516]
Event: 306.846 Thread 0x000001427c176060 Exception <a 'sun/nio/fs/WindowsException'{0x0000000093fc0f68}> (0x0000000093fc0f68) 
thrown [s\src\hotspot\share\prims\jni.cpp, line 516]
Event: 306.847 Thread 0x000001427c176060 Exception <a 'sun/nio/fs/WindowsException'{0x0000000093fc24f0}> (0x0000000093fc24f0) 
thrown [s\src\hotspot\share\prims\jni.cpp, line 516]
Event: 306.847 Thread 0x000001427c176060 Exception <a 'sun/nio/fs/WindowsException'{0x0000000093fc3a78}> (0x0000000093fc3a78) 
thrown [s\src\hotspot\share\prims\jni.cpp, line 516]
Event: 306.848 Thread 0x000001427c176060 Exception <a 'sun/nio/fs/WindowsException'{0x0000000093fc4fe0}> (0x0000000093fc4fe0) 
thrown [s\src\hotspot\share\prims\jni.cpp, line 516]
Event: 307.379 Thread 0x000001427bb40b60 Exception <a 'java/lang/NoSuchMethodError'{0x00000000927bbc80}: 'int java.lang.invoke.DirectMethodHandle$Holder.invokeStaticInit(java.lang.Object, java.lang.Object, java.lang.Object, java.lang.Object, java.lang.Object)'> (0x00000000927bbc80) 
thrown [s\src\hotspot\share\interpreter\linkResolver.cpp, line 759]
Event: 307.404 Thread 0x000001427bb40b60 Exception <a 'sun/nio/fs/WindowsException'{0x0000000092651c30}> (0x0000000092651c30) 
thrown [s\src\hotspot\share\prims\jni.cpp, line 516]
Event: 307.409 Thread 0x000001427bb40b60 Exception <a 'sun/nio/fs/WindowsException'{0x0000000092660168}> (0x0000000092660168) 
thrown [s\src\hotspot\share\prims\jni.cpp, line 516]
Event: 307.718 Thread 0x000001427bb41a90 Exception <a 'sun/nio/fs/WindowsException'{0x0000000092877c40}> (0x0000000092877c40) 
thrown [s\src\hotspot\share\prims\jni.cpp, line 516]
Event: 309.148 Thread 0x000001427929da30 Exception <a 'java/lang/NoSuchMethodError'{0x0000000097820ee0}: static Lorg/jetbrains/kotlin/daemon/common/LoopbackNetworkInterface$AbstractClientLoopbackSocketFactory;.<clinit>()V> (0x0000000097820ee0) 
thrown [s\src\hotspot\share\prims\jni.cpp, line 1107]
Event: 309.149 Thread 0x000001427929da30 Exception <a 'java/lang/NoSuchMethodError'{0x000000009782cc80}: static Lorg/jetbrains/kotlin/daemon/common/LoopbackNetworkInterface$ClientLoopbackSocketFactory;.<clinit>()V> (0x000000009782cc80) 
thrown [s\src\hotspot\share\prims\jni.cpp, line 1107]
Event: 309.182 Thread 0x000001427929da30 Exception <a 'java/lang/NoSuchMethodError'{0x0000000097f21550}: static [Ljava/rmi/server/ObjID;.<clinit>()V> (0x0000000097f21550) 
thrown [s\src\hotspot\share\prims\jni.cpp, line 1107]
Event: 309.201 Thread 0x000001427929fda0 Exception <a 'java/lang/InterruptedException'{0x0000000097f4e600}> (0x0000000097f4e600) 
thrown [s\src\hotspot\share\runtime\objectMonitor.cpp, line 1658]
Event: 309.202 Thread 0x000001427929fda0 Exception <a 'java/lang/NoSuchMethodError'{0x0000000097f4fa60}: 'java.lang.Object java.lang.invoke.DirectMethodHandle$Holder.invokeSpecial(java.lang.Object, java.lang.Object, int, java.lang.Object, long)'> (0x0000000097f4fa60) 
thrown [s\src\hotspot\share\interpreter\linkResolver.cpp, line 759]
Event: 309.203 Thread 0x000001427929fda0 Exception <a 'java/lang/NoSuchMethodError'{0x0000000097f56f10}: 'java.lang.Object java.lang.invoke.DirectMethodHandle$Holder.newInvokeSpecial(java.lang.Object, java.lang.Object, int, java.lang.Object, long)'> (0x0000000097f56f10) 
thrown [s\src\hotspot\share\interpreter\linkResolver.cpp, line 759]
Event: 309.229 Thread 0x000001427929da30 Exception <a 'java/lang/NoSuchMethodError'{0x0000000097f97348}: static Lorg/jetbrains/kotlin/daemon/common/CompileService$CallResult;.<clinit>()V> (0x0000000097f97348) 
thrown [s\src\hotspot\share\prims\jni.cpp, line 1107]
Event: 309.232 Thread 0x000001427929da30 Exception <a 'java/lang/NoSuchMethodError'{0x0000000097fa35f8}: static Lorg/jetbrains/kotlin/daemon/common/CompileService$CallResult$Good;.<clinit>()V> (0x0000000097fa35f8) 
thrown [s\src\hotspot\share\prims\jni.cpp, line 1107]
Event: 309.233 Thread 0x000001427929da30 Exception <a 'java/lang/NoSuchMethodError'{0x0000000097fb0a80}: static Lorg/jetbrains/kotlin/daemon/common/DaemonJVMOptions;.<clinit>()V> (0x0000000097fb0a80) 
thrown [s\src\hotspot\share\prims\jni.cpp, line 1107]
Event: 309.243 Thread 0x000001427929da30 Exception <a 'java/lang/NoSuchMethodError'{0x0000000097fce548}: static Lorg/jetbrains/kotlin/daemon/common/CompileService$CallResult$Ok;.<clinit>()V> (0x0000000097fce548) 
thrown [s\src\hotspot\share\prims\jni.cpp, line 1107]
Event: 309.275 Thread 0x000001427929da30 Exception <a 'java/lang/NoSuchMethodError'{0x0000000097eebab0}: static [Ljava/lang/Integer;.<clinit>()V> (0x0000000097eebab0) 
thrown [s\src\hotspot\share\prims\jni.cpp, line 1107]

VM Operations (20 events):
Event: 237.780 Executing VM operation: Cleanup
Event: 237.780 Executing VM operation: Cleanup done
Event: 307.175 Executing VM operation: ICBufferFull
Event: 307.175 Executing VM operation: ICBufferFull done
Event: 307.650 Executing VM operation: ICBufferFull
Event: 307.650 Executing VM operation: ICBufferFull done
Event: 308.665 Executing VM operation: Cleanup
Event: 308.665 Executing VM operation: Cleanup done
Event: 308.999 Executing VM operation: G1CollectForAllocation
Event: 309.028 Executing VM operation: G1CollectForAllocation done
Event: 309.087 Executing VM operation: HandshakeAllThreads
Event: 309.087 Executing VM operation: HandshakeAllThreads done
Event: 309.158 Executing VM operation: G1PauseRemark
Event: 309.171 Executing VM operation: G1PauseRemark done
Event: 309.244 Executing VM operation: G1PauseCleanup
Event: 309.245 Executing VM operation: G1PauseCleanup done
Event: 311.245 Executing VM operation: Cleanup
Event: 311.246 Executing VM operation: Cleanup done
Event: 322.252 Executing VM operation: Cleanup
Event: 322.252 Executing VM operation: Cleanup done

Events (20 events):
Event: 309.269 loading class sun/rmi/server/UnicastServerRef$HashToMethod_Maps$1 done
Event: 309.274 loading class sun/rmi/server/LoaderHandler$Loader
Event: 309.274 loading class sun/rmi/server/LoaderHandler$Loader done
Event: 309.276 loading class java/rmi/server/ServerNotActiveException
Event: 309.276 loading class java/rmi/server/ServerNotActiveException done
Event: 309.280 loading class sun/rmi/transport/DGCAckHandler
Event: 309.280 loading class sun/rmi/transport/DGCAckHandler done
Event: 309.283 loading class sun/rmi/transport/DGCAckHandler$1
Event: 309.283 loading class sun/rmi/transport/DGCAckHandler$1 done
Event: 309.343 loading class sun/rmi/transport/tcp/TCPTransport$ConnectionHandler
Event: 309.344 loading class sun/rmi/transport/tcp/TCPTransport$ConnectionHandler done
Event: 309.344 Thread 0x000001427929ee70 Thread added: 0x000001427929ee70
Event: 309.352 loading class sun/rmi/transport/Transport$1
Event: 309.352 loading class sun/rmi/transport/Transport$1 done
Event: 309.353 loading class sun/rmi/transport/DGCImpl$LeaseInfo
Event: 309.353 loading class sun/rmi/transport/DGCImpl$LeaseInfo done
Event: 309.354 loading class sun/rmi/transport/DGCImpl$1
Event: 309.354 loading class sun/rmi/transport/DGCImpl$1 done
Event: 309.354 loading class sun/rmi/transport/SequenceEntry
Event: 309.354 loading class sun/rmi/transport/SequenceEntry done


Dynamic libraries:
0x00007ff7ee500000 - 0x00007ff7ee50e000 	C:\Users\busi4\.jdks\corretto-17.0.9\bin\java.exe
0x00007ffccb1c0000 - 0x00007ffccb420000 	C:\WINDOWS\SYSTEM32\ntdll.dll
0x00007ffcca3c0000 - 0x00007ffcca487000 	C:\WINDOWS\System32\KERNEL32.DLL
0x00007ffcc8370000 - 0x00007ffcc873a000 	C:\WINDOWS\System32\KERNELBASE.dll
0x00007ffcc8bd0000 - 0x00007ffcc8d1b000 	C:\WINDOWS\System32\ucrtbase.dll
0x00007ffcb71a0000 - 0x00007ffcb71b7000 	C:\Users\busi4\.jdks\corretto-17.0.9\bin\jli.dll
0x00007ffcb7200000 - 0x00007ffcb721b000 	C:\Users\busi4\.jdks\corretto-17.0.9\bin\VCRUNTIME140.dll
0x00007ffcc8fd0000 - 0x00007ffcc919c000 	C:\WINDOWS\System32\USER32.dll
0x00007ffcb31e0000 - 0x00007ffcb3477000 	C:\WINDOWS\WinSxS\amd64_microsoft.windows.common-controls_6595b64144ccf1df_6.0.26100.3624_none_3e086962e3345f24\COMCTL32.dll
0x00007ffcc8f60000 - 0x00007ffcc8f87000 	C:\WINDOWS\System32\win32u.dll
0x00007ffcca310000 - 0x00007ffcca3b9000 	C:\WINDOWS\System32\msvcrt.dll
0x00007ffcca720000 - 0x00007ffcca74a000 	C:\WINDOWS\System32\GDI32.dll
0x00007ffcc89e0000 - 0x00007ffcc8b11000 	C:\WINDOWS\System32\gdi32full.dll
0x00007ffcc8b20000 - 0x00007ffcc8bc3000 	C:\WINDOWS\System32\msvcp_win.dll
0x00007ffcc8f90000 - 0x00007ffcc8fbf000 	C:\WINDOWS\System32\IMM32.DLL
0x00007ffcba210000 - 0x00007ffcba21c000 	C:\Users\busi4\.jdks\corretto-17.0.9\bin\vcruntime140_1.dll
0x00007ffca43f0000 - 0x00007ffca447d000 	C:\Users\busi4\.jdks\corretto-17.0.9\bin\msvcp140.dll
0x00007ffc5bd30000 - 0x00007ffc5c991000 	C:\Users\busi4\.jdks\corretto-17.0.9\bin\server\jvm.dll
0x00007ffcca8e0000 - 0x00007ffcca992000 	C:\WINDOWS\System32\ADVAPI32.dll
0x00007ffcca200000 - 0x00007ffcca2a6000 	C:\WINDOWS\System32\sechost.dll
0x00007ffcca750000 - 0x00007ffcca866000 	C:\WINDOWS\System32\RPCRT4.dll
0x00007ffcc81c0000 - 0x00007ffcc821e000 	C:\WINDOWS\SYSTEM32\POWRPROF.dll
0x00007ffcc5010000 - 0x00007ffcc5046000 	C:\WINDOWS\SYSTEM32\WINMM.dll
0x00007ffcbfff0000 - 0x00007ffcbfffb000 	C:\WINDOWS\SYSTEM32\VERSION.dll
0x00007ffcc16f0000 - 0x00007ffcc16fa000 	C:\WINDOWS\SYSTEM32\WSOCK32.dll
0x00007ffcc93d0000 - 0x00007ffcc9444000 	C:\WINDOWS\System32\WS2_32.dll
0x00007ffcc81a0000 - 0x00007ffcc81b4000 	C:\WINDOWS\SYSTEM32\UMPDC.dll
0x00007ffcc7180000 - 0x00007ffcc719a000 	C:\WINDOWS\SYSTEM32\kernel.appcore.dll
0x00007ffcb9fb0000 - 0x00007ffcb9fba000 	C:\Users\busi4\.jdks\corretto-17.0.9\bin\jimage.dll
0x00007ffcc5950000 - 0x00007ffcc5b91000 	C:\WINDOWS\SYSTEM32\DBGHELP.DLL
0x00007ffcc9450000 - 0x00007ffcc97d2000 	C:\WINDOWS\System32\combase.dll
0x00007ffcc9810000 - 0x00007ffcc98e6000 	C:\WINDOWS\System32\OLEAUT32.dll
0x00007ffc853e0000 - 0x00007ffc85419000 	C:\WINDOWS\SYSTEM32\dbgcore.DLL
0x00007ffcc8940000 - 0x00007ffcc89d9000 	C:\WINDOWS\System32\bcryptPrimitives.dll
0x00007ffcb9dd0000 - 0x00007ffcb9dde000 	C:\Users\busi4\.jdks\corretto-17.0.9\bin\instrument.dll
0x00007ffcb2e30000 - 0x00007ffcb2e55000 	C:\Users\busi4\.jdks\corretto-17.0.9\bin\java.dll
0x00007ffc8f7d0000 - 0x00007ffc8f8a7000 	C:\Users\busi4\.jdks\corretto-17.0.9\bin\jsvml.dll
0x00007ffcc9ad0000 - 0x00007ffcca1f9000 	C:\WINDOWS\System32\SHELL32.dll
0x00007ffcc8740000 - 0x00007ffcc88a8000 	C:\WINDOWS\System32\wintypes.dll
0x00007ffcc5f30000 - 0x00007ffcc6782000 	C:\WINDOWS\SYSTEM32\windows.storage.dll
0x00007ffccb060000 - 0x00007ffccb14d000 	C:\WINDOWS\System32\SHCORE.dll
0x00007ffcca870000 - 0x00007ffcca8d4000 	C:\WINDOWS\System32\shlwapi.dll
0x00007ffcc8280000 - 0x00007ffcc82af000 	C:\WINDOWS\SYSTEM32\profapi.dll
0x00007ffcb1ea0000 - 0x00007ffcb1eb8000 	C:\Users\busi4\.jdks\corretto-17.0.9\bin\zip.dll
0x00007ffcade70000 - 0x00007ffcade89000 	C:\Users\busi4\.jdks\corretto-17.0.9\bin\net.dll
0x00007ffcc0f70000 - 0x00007ffcc108d000 	C:\WINDOWS\SYSTEM32\WINHTTP.dll
0x00007ffcc76a0000 - 0x00007ffcc770a000 	C:\WINDOWS\system32\mswsock.dll
0x00007ffca4fb0000 - 0x00007ffca4fc6000 	C:\Users\busi4\.jdks\corretto-17.0.9\bin\nio.dll
0x00007ffcb9950000 - 0x00007ffcb9960000 	C:\Users\busi4\.jdks\corretto-17.0.9\bin\verify.dll
0x00007ffcb7080000 - 0x00007ffcb70a7000 	C:\Users\busi4\.gradle\native\c067742578af261105cb4f569cf0c3c89f3d7b1fecec35dd04571415982c5e48\windows-amd64\native-platform.dll
0x00007ffc816d0000 - 0x00007ffc81814000 	C:\Users\busi4\.gradle\native\38dada09dfb8b06ba9b0570ebf7e218e3eb74d4ef43ca46872605cf95ebc2f47\windows-amd64\native-platform-file-events.dll
0x00007ffcb9900000 - 0x00007ffcb9909000 	C:\Users\busi4\.jdks\corretto-17.0.9\bin\management.dll
0x00007ffcb8d90000 - 0x00007ffcb8d9b000 	C:\Users\busi4\.jdks\corretto-17.0.9\bin\management_ext.dll
0x00007ffccaad0000 - 0x00007ffccaad8000 	C:\WINDOWS\System32\PSAPI.DLL
0x00007ffcc7940000 - 0x00007ffcc795c000 	C:\WINDOWS\SYSTEM32\CRYPTSP.dll
0x00007ffcc70e0000 - 0x00007ffcc711a000 	C:\WINDOWS\system32\rsaenh.dll
0x00007ffcc7740000 - 0x00007ffcc776b000 	C:\WINDOWS\SYSTEM32\USERENV.dll
0x00007ffcc8250000 - 0x00007ffcc8276000 	C:\WINDOWS\SYSTEM32\bcrypt.dll
0x00007ffcc7960000 - 0x00007ffcc796c000 	C:\WINDOWS\SYSTEM32\CRYPTBASE.dll
0x00007ffcc6b60000 - 0x00007ffcc6b93000 	C:\WINDOWS\SYSTEM32\IPHLPAPI.DLL
0x00007ffcc9800000 - 0x00007ffcc980a000 	C:\WINDOWS\System32\NSI.dll
0x00007ffcc0c50000 - 0x00007ffcc0c6f000 	C:\WINDOWS\SYSTEM32\dhcpcsvc6.DLL
0x00007ffcc0c20000 - 0x00007ffcc0c45000 	C:\WINDOWS\SYSTEM32\dhcpcsvc.DLL
0x00007ffcc6bf0000 - 0x00007ffcc6d15000 	C:\WINDOWS\SYSTEM32\DNSAPI.dll
0x00007ffcb8bd0000 - 0x00007ffcb8bde000 	C:\Users\busi4\.jdks\corretto-17.0.9\bin\sunmscapi.dll
0x00007ffcc8d20000 - 0x00007ffcc8e97000 	C:\WINDOWS\System32\CRYPT32.dll
0x00007ffcc7ad0000 - 0x00007ffcc7b00000 	C:\WINDOWS\SYSTEM32\ncrypt.dll
0x00007ffcc7a80000 - 0x00007ffcc7abf000 	C:\WINDOWS\SYSTEM32\NTASN1.dll
0x00007ffcb97c0000 - 0x00007ffcb97c8000 	C:\WINDOWS\system32\wshunix.dll
0x00007ffc81850000 - 0x00007ffc81868000 	C:\WINDOWS\system32\napinsp.dll
0x00007ffc6d440000 - 0x00007ffc6d452000 	C:\WINDOWS\System32\winrnr.dll
0x00007ffc83590000 - 0x00007ffc835c0000 	C:\WINDOWS\system32\nlansp_c.dll
0x00007ffc8df40000 - 0x00007ffc8df56000 	C:\WINDOWS\system32\wshbth.dll
0x00007ffcbaad0000 - 0x00007ffcbaadb000 	C:\Windows\System32\rasadhlp.dll
0x00007ffcbe0d0000 - 0x00007ffcbe155000 	C:\WINDOWS\System32\fwpuclnt.dll
0x00007ffcba5f0000 - 0x00007ffcba60e000 	C:\Users\busi4\AppData\Local\Temp\native-platform1652147636696609438dir\native-platform.dll
0x00007ffcc2e20000 - 0x00007ffcc2e27000 	C:\Users\busi4\.jdks\corretto-17.0.9\bin\rmi.dll

dbghelp: loaded successfully - version: 4.0.5 - missing functions: none
symbol engine: initialized successfully - sym options: 0x614 - pdb path: .;C:\Users\busi4\.jdks\corretto-17.0.9\bin;C:\WINDOWS\SYSTEM32;C:\WINDOWS\WinSxS\amd64_microsoft.windows.common-controls_6595b64144ccf1df_6.0.26100.3624_none_3e086962e3345f24;C:\Users\busi4\.jdks\corretto-17.0.9\bin\server;C:\Users\busi4\.gradle\native\c067742578af261105cb4f569cf0c3c89f3d7b1fecec35dd04571415982c5e48\windows-amd64;C:\Users\busi4\.gradle\native\38dada09dfb8b06ba9b0570ebf7e218e3eb74d4ef43ca46872605cf95ebc2f47\windows-amd64;C:\Users\busi4\AppData\Local\Temp\native-platform1652147636696609438dir

VM Arguments:
jvm_args: --add-opens=java.base/java.util=ALL-UNNAMED --add-opens=java.base/java.lang=ALL-UNNAMED --add-opens=java.base/java.lang.invoke=ALL-UNNAMED --add-opens=java.prefs/java.util.prefs=ALL-UNNAMED --add-opens=java.base/java.nio.charset=ALL-UNNAMED --add-opens=java.base/java.net=ALL-UNNAMED --add-opens=java.base/java.util.concurrent.atomic=ALL-UNNAMED -Xmx2048m -Dfile.encoding=UTF-8 -Duser.country=US -Duser.language=en -Duser.variant -javaagent:C:\Users\busi4\.gradle\wrapper\dists\gradle-8.7-bin\bhs2wmbdwecv87pi65oeuq5iu\gradle-8.7\lib\agents\gradle-instrumentation-agent-8.7.jar 
java_command: org.gradle.launcher.daemon.bootstrap.GradleDaemon 8.7
java_class_path (initial): C:\Users\busi4\.gradle\wrapper\dists\gradle-8.7-bin\bhs2wmbdwecv87pi65oeuq5iu\gradle-8.7\lib\gradle-launcher-8.7.jar
Launcher Type: SUN_STANDARD

[Global flags]
     intx CICompilerCount                          = 4                                         {product} {ergonomic}
     uint ConcGCThreads                            = 3                                         {product} {ergonomic}
     uint G1ConcRefinementThreads                  = 10                                        {product} {ergonomic}
   size_t G1HeapRegionSize                         = 1048576                                   {product} {ergonomic}
    uintx GCDrainStackTargetSize                   = 64                                        {product} {ergonomic}
   size_t InitialHeapSize                          = 257949696                                 {product} {ergonomic}
   size_t MarkStackSize                            = 4194304                                   {product} {ergonomic}
   size_t MaxHeapSize                              = 2147483648                                {product} {command line}
   size_t MaxNewSize                               = 1287651328                                {product} {ergonomic}
   size_t MinHeapDeltaBytes                        = 1048576                                   {product} {ergonomic}
   size_t MinHeapSize                              = 8388608                                   {product} {ergonomic}
    uintx NonNMethodCodeHeapSize                   = 5839372                                {pd product} {ergonomic}
    uintx NonProfiledCodeHeapSize                  = 122909434                              {pd product} {ergonomic}
    uintx ProfiledCodeHeapSize                     = 122909434                              {pd product} {ergonomic}
    uintx ReservedCodeCacheSize                    = 251658240                              {pd product} {ergonomic}
     bool SegmentedCodeCache                       = true                                      {product} {ergonomic}
   size_t SoftMaxHeapSize                          = 2147483648                             {manageable} {ergonomic}
     bool UseCompressedClassPointers               = true                           {product lp64_product} {ergonomic}
     bool UseCompressedOops                        = true                           {product lp64_product} {ergonomic}
     bool UseG1GC                                  = true                                      {product} {ergonomic}
     bool UseLargePagesIndividualAllocation        = false                                  {pd product} {ergonomic}

Logging:
Log output configuration:
 #0: stdout all=warning uptime,level,tags
 #1: stderr all=off uptime,level,tags

Environment Variables:
PATH=C:\Ruby27-x64\bin;C:\Program Files (x86)\Common Files\Oracle\Java\javapath;C:\WINDOWS\system32;C:\WINDOWS;C:\WINDOWS\System32\Wbem;C:\WINDOWS\System32\WindowsPowerShell\v1.0\;C:\WINDOWS\System32\OpenSSH\;C:\Program Files\dotnet\;C:\Program Files\Docker\Docker\resources\bin;C:\Program Files\Calibre2\;c:\Users\busi4\AppData\Local\Programs\cursor\resources\app\bin;C:\WINDOWS\system32;C:\WINDOWS;C:\WINDOWS\System32\Wbem;C:\WINDOWS\System32\WindowsPowerShell\v1.0\;C:\WINDOWS\System32\OpenSSH\;C:\Users\busi4\AppData\Local\Microsoft\WindowsApps;C:\Users\busi4\AppData\Local\Programs\Microsoft VS Code\bin;C:\Program Files\JetBrains\IntelliJ IDEA Community Edition 2023.2.1\bin;C:\Users\busi4\AppData\Local\JetBrains\Toolbox\scripts;C:\Users\busi4\AppData\Local\GitHubDesktop\bin;C:\Users\busi4\AppData\Local\Programs\cursor\resources\app\bin;C:\Users\busi4\AppData\Local\Microsoft\WindowsApps
USERNAME=busi4
OS=Windows_NT
PROCESSOR_IDENTIFIER=AMD64 Family 23 Model 96 Stepping 1, AuthenticAMD
TMP=C:\Users\busi4\AppData\Local\Temp
TEMP=C:\Users\busi4\AppData\Local\Temp



Periodic native trim disabled


---------------  S Y S T E M  ---------------

OS:
 Windows 11 , 64 bit Build 26100 (10.0.26100.3775)
OS uptime: 1 days 13:16 hours
Hyper-V role detected

CPU: total 12 (initial active 12) (12 cores per cpu, 2 threads per core) family 23 model 96 stepping 1 microcode 0x8600106, cx8, cmov, fxsr, ht, mmx, 3dnowpref, sse, sse2, sse3, ssse3, sse4a, sse4.1, sse4.2, popcnt, lzcnt, tsc, tscinvbit, avx, avx2, aes, clmul, bmi1, bmi2, adx, sha, fma, vzeroupper, clflush, clflushopt, hv
Processor Information for processor 0
  Max Mhz: 3000, Current Mhz: 1700, Mhz Limit: 3000
Processor Information for processor 1
  Max Mhz: 3000, Current Mhz: 1700, Mhz Limit: 3000
Processor Information for processor 2
  Max Mhz: 3000, Current Mhz: 1700, Mhz Limit: 3000
Processor Information for processor 3
  Max Mhz: 3000, Current Mhz: 1700, Mhz Limit: 3000
Processor Information for processor 4
  Max Mhz: 3000, Current Mhz: 1400, Mhz Limit: 3000
Processor Information for processor 5
  Max Mhz: 3000, Current Mhz: 1400, Mhz Limit: 3000
Processor Information for processor 6
  Max Mhz: 3000, Current Mhz: 1700, Mhz Limit: 3000
Processor Information for processor 7
  Max Mhz: 3000, Current Mhz: 1700, Mhz Limit: 3000
Processor Information for processor 8
  Max Mhz: 3000, Current Mhz: 1400, Mhz Limit: 3000
Processor Information for processor 9
  Max Mhz: 3000, Current Mhz: 1400, Mhz Limit: 3000
Processor Information for processor 10
  Max Mhz: 3000, Current Mhz: 1400, Mhz Limit: 3000
Processor Information for processor 11
  Max Mhz: 3000, Current Mhz: 1400, Mhz Limit: 3000

Memory: 4k page, system-wide physical 15741M (1630M free)
TotalPageFile size 15741M (AvailPageFile size 0M)
current process WorkingSet (physical memory assigned to process): 739M, peak: 746M
current process commit charge ("private bytes"): 787M, peak: 790M

vm_info: OpenJDK 64-Bit Server VM (17.0.9+8-LTS) for windows-amd64 JRE (17.0.9+8-LTS), built on Oct 12 2023 16:15:33 by "Administrator" with MS VC++ 16.10 / 16.11 (VS2019)

END.
